"Variable","median_mda","iqr25","iqr75","Genus"
"Otu00014",0.553992212301399,0.497135271483764,0.84204137670692,"Lachnospiraceae"
"Otu00021",0.550772518324244,0.491365421325895,0.719359001528543,"Ruminococcus"
"Otu00010",0.54119277201018,0.478182726207282,0.607679041290108,"Anaerostipes"
"Otu00004",0.535301260006605,0.490035138675902,0.620435732959348,"Bacteroides"
"Otu00167",0.528338496893463,0.471224139821311,0.678946804310212,"Clostridiales"
"Otu00009",0.518097355032461,0.456128330117066,0.623856993089986,"Blautia"
"Otu00028",0.51768147879991,0.467292247628619,0.842347511122272,"Ruminococcaceae"
"Otu00008",0.514920291236142,0.458252319774552,0.631285115359976,"Blautia"
"Otu00007",0.51431155013875,0.473916609824658,0.613864422664101,"Faecalibacterium"
"Otu00006",0.513577815700611,0.464650944510355,0.734227132513337,"Bacteroides"
"Otu00015",0.507332228670465,0.443664165409659,0.648789303812686,"Clostridiales"
"Otu00013",0.495715854399439,0.452539020596508,0.554861567125575,"Faecalibacterium"
"Otu00024",0.49434719225946,0.439732102610245,0.562421685196239,"Blautia"
"Otu00001",0.490139866539522,0.443782007171777,0.534036803657393,"Blautia"
"Otu00020",0.488432971041318,0.434252474869665,0.645418199834199,"Enterobacteriaceae"
"Otu00095",0.48144565155492,0.415342629339792,0.547695157795919,"Roseburia"
"Otu00033",0.477604359828894,0.437510465681286,0.546575285851983,"Streptococcus"
"Otu00038",0.468993239319334,0.433033305763401,0.582274545047663,"Bacteroides"
"Otu00046",0.468729547589631,0.416732230119113,0.511172217395813,"Roseburia"
"Otu00041",0.464660878302667,0.430932470703175,0.514225639864532,"Clostridium_XI"
"Otu00072",0.464596808524764,0.410382616602917,0.552801736183473,"Lachnospiraceae"
"Otu00002",0.463698379329483,0.423298997306188,0.51894633062645,"Bacteroides"
"Otu00107",0.463698026524743,0.406842665071095,0.531319577660524,"Roseburia"
"Otu00036",0.462457176437461,0.410592682589412,0.531402827989228,"Clostridium_XlVa"
"Otu00018",0.457375167740569,0.422208013281256,0.512788352057197,"Ruminococcaceae"
"Otu00011",0.454872481659509,0.41106948508224,0.495908170627667,"Parabacteroides"
"Otu00151",0.454665510171895,0.42529827304473,0.495189555237772,"Subdoligranulum"
"Otu00003",0.452567720924434,0.403737025676842,0.521686478747702,"Anaerostipes"
"Otu00074",0.451577736351582,0.414531557233784,0.50547492046694,"Dorea"
"Otu00025",0.450043661181333,0.392310163319138,0.506163770795305,"Dorea"
"Otu00005",0.447193979766855,0.407779509177757,0.498874884579262,"Roseburia"
"Otu00249",0.446798678107713,0.392205017705957,0.55922318305068,"Clostridium_IV"
"Otu00092",0.442966024949158,0.395245614648269,0.509904293540756,"Ruminococcaceae"
"Otu00034",0.437017661711217,0.398545803281547,0.505363967166826,"Erysipelotrichaceae"
"Otu00396",0.435581711796684,0.374860634508216,0.592648402883529,"Blautia"
"Otu00026",0.432511266933058,0.392599911340291,0.478448246696499,"Coprococcus"
"Otu00030",0.431860816993468,0.404222002584258,0.505405398762123,"Lachnospiraceae"
"Otu00047",0.427288347223282,0.385060033206308,0.476083381663783,"Lachnospiraceae"
"Otu00031",0.426460486456424,0.399146729333118,0.465276132551963,"Collinsella"
"Otu00121",0.424305243525062,0.383282718466216,0.474493767674224,"Blautia"
"Otu00147",0.421623440790369,0.380786288033807,0.466877700576024,"Streptococcus"
"Otu00035",0.418490126910193,0.376438049389569,0.474906019405835,"Akkermansia"
"Otu00654",0.417815610773755,0.387436145836027,0.469811176185657,"Lachnospiraceae"
"Otu00231",0.416145905875088,0.380097013693646,0.475439403709989,"Lachnospiraceae"
"Otu00029",0.415048380705115,0.379376447402496,0.464454981812365,"Phascolarctobacterium"
"Otu00056",0.413263575634423,0.36730669219626,0.467147417059256,"Ruminococcus"
"Otu00012",0.40912675306244,0.368545130934066,0.46721976468496,"Bifidobacterium"
"Otu00037",0.405013508707348,0.371205192462877,0.435686325255274,"Alistipes"
"Otu00045",0.40487421476585,0.372444263473914,0.445420939459132,"Alistipes"
"Otu00069",0.404796681993196,0.35874270562339,0.440477691828026,"Bacteroides"
"Otu00182",0.404074493846268,0.360949513108532,0.467898256920666,"Coprococcus"
"Otu00188",0.403050284260542,0.357961896938132,0.456629389961714,"Lachnospiraceae"
"Otu00088",0.402347419292435,0.367674579193326,0.441347236520643,"Ruminococcus2"
"Otu00016",0.401246579413308,0.357233429501575,0.480090942426839,"Bacteroides"
"Otu00027",0.400474563327604,0.378719478715061,0.446958145163268,"Ruminococcus2"
"Otu00023",0.397256833381886,0.359246177435191,0.439603181962956,"Clostridium_sensu_stricto"
"Otu00022",0.396898355210762,0.348006354555331,0.424200950142675,"Alistipes"
"Otu00075",0.395378317408051,0.359680505579478,0.439078352537925,"Clostridium_XI"
"Otu00344",0.393148696059464,0.36032853882566,0.438564659181007,"Clostridiales"
"Otu00260",0.390852386451641,0.345123195044748,0.479556957648645,"Flavonifractor"
"Otu00065",0.388394588198595,0.356420864000827,0.418720896908801,"Odoribacter"
"Otu00040",0.387282198373395,0.355219552090585,0.425426921425733,"Bacteroides"
"Otu00098",0.387230284093964,0.354254063796035,0.432606210996268,"Lachnospiraceae"
"Otu00138",0.386408295758562,0.35273936973185,0.428853623386913,"Blautia"
"Otu00049",0.386231653665315,0.335733406658218,0.421420910451298,"Ruminococcaceae"
"Otu00019",0.385352299788328,0.35116305593161,0.426872263404289,"Ruminococcus2"
"Otu00050",0.383140703579456,0.344326344271082,0.438414097204361,"Parabacteroides"
"Otu00043",0.382727990064614,0.350249996306379,0.431298991980038,"Ruminococcaceae"
"Otu00120",0.38104995059629,0.347293949584062,0.438666686361647,"Lachnospiraceae"
"Otu00017",0.379577442003376,0.334352521132254,0.451794045466376,"Clostridiales"
"Otu00093",0.379490831348433,0.334703729138532,0.398407934485874,"Lachnospiraceae"
"Otu00241",0.379253840374419,0.353460456923279,0.425933851202543,"Pseudomonas"
"Otu00064",0.377454210126997,0.329438293957806,0.424708220668992,"Firmicutes"
"Otu00205",0.376475571293333,0.333916945355719,0.416322700182299,"Clostridium_IV"
"Otu00078",0.374587068938476,0.339352846749695,0.419213864714925,"Turicibacter"
"Otu00113",0.372889398191418,0.350285452988247,0.416421726867573,"Bacteroides"
"Otu00441",0.371261349458709,0.318998083170199,0.484078846590889,"Lactococcus"
"Otu00054",0.370551065104537,0.34103469780942,0.413519328224153,"Blautia"
"Otu00407",0.368948051655372,0.324451353827777,0.427622592201086,"Alistipes"
"Otu00115",0.364046480578245,0.327610807864046,0.405187699887923,"Bilophila"
"Otu00202",0.360821975487565,0.32139515410223,0.402765146472437,"Lachnospiraceae"
"Otu00060",0.360141401402135,0.326919611661958,0.414472789173128,"Veillonella"
"Otu00288",0.360115617214266,0.329513595390251,0.459707877121966,"Lachnospiraceae"
"Otu00207",0.358195515719581,0.322151376978231,0.413650358688335,"Oscillibacter"
"Otu00087",0.358140572352141,0.317064951853234,0.399883358887004,"Clostridiales"
"Otu00234",0.357833860361446,0.307303028723871,0.393309740216119,"Asaccharobacter"
"Otu00189",0.35761793139586,0.323685594635487,0.393079202024884,"Lachnospiraceae"
"Otu00084",0.357468079388135,0.318066661581423,0.506699977607405,"Ruminococcaceae"
"Otu00197",0.35513876842867,0.30920764319121,0.393618568683262,"Clostridium_XVIII"
"Otu00094",0.353814521201113,0.308298575589961,0.38894105502456,"Pasteurellaceae"
"Otu00134",0.35270586557815,0.319011524525843,0.395303970543762,"Actinomyces"
"Otu00279",0.348730664958249,0.31563567336417,0.392105978114302,"Lachnospiraceae"
"Otu00082",0.348280960949851,0.304274434125183,0.370485733633608,"Blautia"
"Otu00161",0.345029513405662,0.290179704584369,0.383786295013811,"Clostridium_XVIII"
"Otu00053",0.341900068010005,0.303557046519212,0.390010591435504,"Butyricimonas"
"Otu00086",0.339401023463594,0.297644875605343,0.369805341073997,"Clostridium_IV"
"Otu00106",0.3383120260256,0.281354829657292,0.370338509277458,"Lachnospiraceae"
"Otu00193",0.335753996426439,0.303657890357721,0.37403313401236,"Lachnospiraceae"
"Otu00128",0.334202516924229,0.305177939888803,0.367533161752088,"Parasutterella"
"Otu00079",0.333771533734759,0.299063557398537,0.381310679633356,"Barnesiella"
"Otu00211",0.333725100697209,0.30377893745717,0.378095630582688,"Clostridium_XlVb"
"Otu00195",0.333484351726771,0.291684396301454,0.370556363910223,"Ruminococcaceae"
"Otu00140",0.333046302571189,0.300068348070055,0.372687733106749,"Faecalibacterium"
"Otu00227",0.331093143246738,0.298750579632163,0.368111994770592,"Eggerthella"
"Otu00464",0.330811425143857,0.2972887257498,0.391860277840726,"Ruminococcaceae"
"Otu00143",0.32880942730744,0.289687021044269,0.364787555179037,"Lachnospiraceae"
"Otu00273",0.32878771338343,0.298946364250583,0.365122828199786,"Clostridium_IV"
"Otu00105",0.327338799317219,0.297396803465909,0.365313853186315,"Ruminococcus"
"Otu00048",0.326835223052703,0.284479036844839,0.361520681794116,"Ruminococcaceae"
"Otu00126",0.322800854375173,0.292442251897367,0.35553755556543,"Akkermansia"
"Otu00081",0.322430205807085,0.290713250853336,0.361947932574524,"Clostridium_XlVa"
"Otu00133",0.321196189840705,0.28520345151929,0.349768399160369,"Clostridium_XlVa"
"Otu00131",0.320408868007073,0.283790595841849,0.376662940079365,"Clostridiales"
"Otu00156",0.320337013625796,0.286959429947845,0.357400472106626,"Ruminococcaceae"
"Otu00238",0.319357015619517,0.278717971207574,0.699741968654043,"Odoribacter"
"Otu00135",0.3189748165009,0.288530535580665,0.352452378042915,"Lachnospiraceae"
"Otu00172",0.31878869208624,0.28188797858195,0.363215019849605,"Oscillibacter"
"Otu00157",0.318020936500732,0.286093171750329,0.352320708060405,"Ruminococcaceae"
"Otu00376",0.31764747796912,0.285513977448903,0.380699556549305,"Clostridium_XlVb"
"Otu00160",0.316298741118079,0.272038305345277,0.336919187816804,"Butyricicoccus"
"Otu00110",0.31161270926271,0.280855263624185,0.354303494240529,"Bifidobacterium"
"Otu00369",0.310483655668498,0.285039884155562,0.3403207419474,"Clostridiales"
"Otu00230",0.310456484169024,0.270399074419244,0.345897871778134,"Clostridium_XlVa"
"Otu00124",0.309901211190821,0.27101120167791,0.348337155498411,"Clostridium_XI"
"Otu00153",0.309307995185481,0.275524844338492,0.352639131287069,"Clostridiales"
"Otu00103",0.308352877271435,0.26596119055463,0.345575180797965,"Bacteroides"
"Otu00372",0.307934817502704,0.275032403943443,0.34033206362337,"Lachnospiraceae"
"Otu00152",0.304328979277683,0.283604320430727,0.340683243605623,"Clostridium_XlVa"
"Otu00236",0.301718791090849,0.254504745394988,0.388486042791903,"Desulfovibrio"
"Otu00296",0.300706766346922,0.268151870323955,0.341075547634527,"Alistipes"
"Otu00162",0.300113931740058,0.260938692892291,0.331669596820989,"Clostridiales"
"Otu00317",0.299873811744506,0.269980841202434,0.33509541964031,"Clostridium_IV"
"Otu00178",0.299579344183975,0.254179824175218,0.326423866531845,"Ruminococcaceae"
"Otu00132",0.297803091941245,0.262075849890803,0.324928773400781,"Firmicutes"
"Otu00150",0.297203878092491,0.268763450847647,0.333234606250659,"Lachnospiraceae"
"Otu00269",0.292277203846616,0.269156066470281,0.329600722939016,"Blautia"
"Otu00480",0.291650479290645,0.256807763866745,0.374157508477508,"Lachnospiraceae"
"Otu00232",0.290930526170682,0.267374217449394,0.317809802935796,"Ruminococcaceae"
"Otu00214",0.290844746596288,0.251666871161782,0.329411270448254,"Bacteria"
"Otu00299",0.287564396737851,0.25957421809622,0.317911237278166,"Lachnospiraceae"
"Otu00137",0.287370413740743,0.237197291485204,0.331386200410632,"Clostridiales"
"Otu00127",0.286510010086715,0.254467166211987,0.319668127766999,"Clostridium_sensu_stricto"
"Otu00102",0.285868344854489,0.259529130275524,0.334865885086699,"Dialister"
"Otu00286",0.284822335590356,0.251671761722948,0.320692235416365,"Lachnospiraceae"
"Otu00223",0.283862995330447,0.246167307963762,0.324357905484802,"Clostridiales"
"Otu00304",0.283652439572871,0.247392203035237,0.331794015622087,"Lachnospiraceae"
"Otu00259",0.283352249596092,0.254845744733078,0.329437690271886,"Ruminococcaceae"
"Otu00252",0.279780202696269,0.253467314344644,0.307152285328929,"Lachnospiraceae"
"Otu00096",0.279770513622381,0.247730769640013,0.32029935927822,"Blautia"
"Otu00144",0.279379508742756,0.251047076503532,0.326806641145729,"Clostridiales"
"Otu00116",0.278368769535963,0.246625326402741,0.349946069750954,"Enterococcus"
"Otu00393",0.278323119534795,0.240758313619952,0.310787705361023,"Clostridiales"
"Otu00277",0.278241430333791,0.241188654454002,0.313821417511985,"Alistipes"
"Otu00272",0.278032488371426,0.241745199848577,0.327506573810662,"Coriobacteriaceae"
"Otu00526",0.276968042577679,0.237076279813409,0.306165163610768,"Clostridium_XlVb"
"Otu00130",0.276764724886669,0.235143657376758,0.306507422965998,"Coprococcus"
"Otu00179",0.276583151930008,0.24497436897844,0.311996202362663,"Ruminococcaceae"
"Otu00243",0.276477219375374,0.246413888183262,0.311015693645806,"Bacteria"
"Otu00550",0.27614124009891,0.24189788217151,0.310777847381588,"Firmicutes"
"Otu00348",0.27481114445818,0.238248650397851,0.307460460627719,"Blautia"
"Otu00145",0.273975311386155,0.242629773558393,0.30887967689889,"Subdoligranulum"
"Otu00208",0.27103733658614,0.245752948878219,0.309424064893416,"Holdemania"
"Otu00388",0.269599761587406,0.229493993027247,0.301686124836531,"Lachnospiraceae"
"Otu00184",0.268110887807909,0.236990906331852,0.298632054987986,"Clostridium_XlVa"
"Otu00062",0.267758308707803,0.238780377315749,0.296560534572221,"Bacteroides"
"Otu00438",0.2643539158016,0.231664311095795,0.297058845301142,"Lachnospiraceae"
"Otu00318",0.263727875111555,0.228929679952833,0.293901218054714,"Ruminococcus2"
"Otu00055",0.263710922973988,0.235466374566406,0.289261325494803,"Blautia"
"Otu00336",0.263576000663545,0.239452753501639,0.31151849288365,"Lachnospiraceae"
"Otu00163",0.26299020222666,0.22744025456939,0.301212095333634,"Lachnospiraceae"
"Otu00392",0.262419000797334,0.231498831622281,0.298669346926053,"Firmicutes"
"Otu00379",0.262385117171289,0.234148471795661,0.30352260499102,"Streptococcus"
"Otu00204",0.262367262342701,0.225764089451709,0.295234494747246,"Coriobacteriaceae"
"Otu00253",0.260012896261128,0.228128340673687,0.284017493115171,"Ruminococcaceae"
"Otu00427",0.259989317302776,0.226190237510584,0.28466752856227,"Porphyromonadaceae"
"Otu00141",0.254712832572469,0.215071044552244,0.277027462478638,"Clostridium_XlVa"
"Otu00450",0.253314894655454,0.226673020012589,0.285742466759878,"Bacteria"
"Otu00311",0.252905298732105,0.218971800395734,0.288142255957831,"Streptococcus"
"Otu00185",0.252262138938955,0.214982845578972,0.282351331704594,"Lachnospiraceae"
"Otu00382",0.251650383427086,0.204576338314952,0.28589458774927,"Ruminococcaceae"
"Otu00371",0.250524305424843,0.19878215173847,0.279860733677396,"Firmicutes"
"Otu00266",0.24950896108813,0.207880822083114,0.280889798495632,"Actinomyces"
"Otu00487",0.249277213239674,0.218057315684918,0.299084185648931,"Gemella"
"Otu00383",0.247486520236979,0.199037052911733,0.283906572509262,"Ruminococcaceae"
"Otu00429",0.244225285922891,0.22182367941317,0.277186623529355,"Lachnospiraceae"
"Otu00176",0.243943336296554,0.212336246073455,0.287120764052283,"Clostridium_sensu_stricto"
"Otu00258",0.243447249875414,0.20759290412153,0.270783635641348,"Bacteroides"
"Otu00250",0.240578985278382,0.208977635822712,0.319060910614511,"Ruminococcus"
"Otu00448",0.240281368367711,0.210358704979518,0.295328797782985,"Alistipes"
"Otu00408",0.239764138959355,0.208202254633146,0.273020831972566,"Bacteroidetes"
"Otu00255",0.239557003210356,0.197943058035483,0.297012830288737,"Ruminococcus"
"Otu00326",0.238524155071474,0.21181338553959,0.271307725759871,"Streptococcus"
"Otu00203",0.238426390525534,0.208772671299127,0.27540075825905,"Ruminococcaceae"
"Otu00455",0.238161261266634,0.195253870475886,0.259874185053499,"Ruminococcaceae"
"Otu00465",0.238044330138535,0.210961609771609,0.284618945492136,"Clostridiales"
"Otu00462",0.237299024984213,0.20021796912271,0.26802728474161,"Gordonibacter"
"Otu00032",0.235486720945425,0.212031001100379,0.26251780797217,"Prevotella"
"Otu00242",0.235370854900165,0.192320665677545,0.300688203128234,"Ruminococcus"
"Otu00578",0.235159053975784,0.198965344219115,0.270976470471308,"Ruminococcaceae"
"Otu00473",0.234403022857176,0.207986891616786,0.268857031836954,"Clostridiales"
"Otu00309",0.234300150954367,0.203845871674639,0.259104857057805,"Ruminococcaceae"
"Otu00567",0.234002652820612,0.205187857164593,0.271416261159949,"Ruminococcaceae"
"Otu00083",0.23397304188358,0.213458310311593,0.270911514510999,"Paraprevotella"
"Otu00220",0.232418240056889,0.20525853114032,0.261739233796816,"Lachnospiraceae"
"Otu00219",0.230759153921742,0.200989740412312,0.267004843257047,"Ruminococcaceae"
"Otu00180",0.230439302306865,0.199243328375526,0.252118573469382,"Ruminococcaceae"
"Otu00401",0.230403693263603,0.199909349091404,0.260355027097847,"Ruminococcaceae"
"Otu00489",0.229625600298473,0.19903354169522,0.29119509608617,"Clostridiales"
"Otu00154",0.229492218174272,0.199514574179476,0.253179195346104,"Bacteria"
"Otu01114",0.229202974156512,0.199426892420614,0.268833148752882,"Ruminococcaceae"
"Otu00385",0.228719270859766,0.191221841119699,0.255482134128031,"Lactobacillales"
"Otu00855",0.228708005986892,0.173937432433294,0.290126680963987,"Ruminococcaceae"
"Otu00321",0.226938636681237,0.20178745100389,0.264171294781922,"Bacteroides"
"Otu00375",0.226630842656097,0.189736038411015,0.249327541701968,"Clostridium_XlVa"
"Otu00240",0.225340560733667,0.196682799037101,0.251781992382537,"Rothia"
"Otu00404",0.224637366036463,0.197964880068707,0.25191814790563,"Lachnospiraceae"
"Otu00353",0.223560950203802,0.186555014651336,0.251739951770091,"Bacteria"
"Otu00099",0.223184276240918,0.193680329035414,0.255966391645267,"Ruminococcaceae"
"Otu00591",0.221984768842722,0.186789296477494,0.285086858667768,"Lachnospiraceae"
"Otu00066",0.221811995474926,0.180343839920544,0.252467064775063,"Faecalibacterium"
"Otu00191",0.221798461233844,0.198237030572971,0.265680335022649,"Ruminococcus2"
"Otu00267",0.22165296282555,0.186763312867682,0.255831513584632,"Lachnospiraceae"
"Otu00363",0.22039030921441,0.1912477252443,0.248628457134958,"Clostridium_XlVa"
"Otu00566",0.219588289120007,0.187494089274461,0.241351142678675,"Clostridiales"
"Otu00112",0.218213896678865,0.190120423458264,0.246685915841116,"Barnesiella"
"Otu00453",0.218084691584275,0.187398322731361,0.245963479862475,"Clostridium_IV"
"Otu00142",0.217140033989397,0.197505066095586,0.246942627478348,"Enterobacteriaceae"
"Otu00284",0.216858418382957,0.186584361502921,0.242040553487227,"Acidaminococcaceae"
"Otu00319",0.214602204634087,0.1776527342312,0.247879096028094,"Clostridiales"
"Otu00215",0.214481099203501,0.178485331995017,0.270950679707257,"Prevotella"
"Otu00389",0.213617602226561,0.187716594345788,0.235843624960007,"Bacteria"
"Otu00523",0.212143640737059,0.183435086762979,0.229990621563088,"Lachnospiraceae"
"Otu00422",0.211551319022074,0.180304268387158,0.245029342278397,"Lachnospiraceae"
"Otu00535",0.211478707669987,0.178826621038681,0.2500768940229,"Ruminococcaceae"
"Otu00329",0.211442826023828,0.186212995604018,0.237134748150047,"Blautia"
"Otu00470",0.210578862099601,0.179240216087054,0.234093910906585,"Ruminococcaceae"
"Otu00139",0.210573248244207,0.184963306605289,0.236335506228851,"Acidaminococcus"
"Otu00679",0.209659972255492,0.188282393715339,0.239511629684658,"Ruminococcaceae"
"Otu00358",0.209290700281263,0.176821931952013,0.237329387925971,"Clostridium_XlVa"
"Otu00100",0.209283233942554,0.185859884893472,0.235286197420228,"Bacteroides"
"Otu00412",0.209001736642818,0.181140891508502,0.232290726452455,"Ruminococcaceae"
"Otu00175",0.208815629425953,0.184339225536701,0.233874833079728,"Coprococcus"
"Otu00247",0.207977876064588,0.183034121952463,0.240299645766694,"Barnesiella"
"Otu00114",0.207864165495217,0.183022736062665,0.233091471994086,"Lachnospiraceae"
"Otu00148",0.207649199104119,0.178871023262867,0.242022403819179,"Lachnospiraceae"
"Otu00463",0.206359403947164,0.177617656290473,0.234219327678255,"Ruminococcaceae"
"Otu00522",0.206150626268217,0.179574736963487,0.233294941087816,"Firmicutes"
"Otu00125",0.20399214948057,0.16818269412515,0.242945439851572,"Veillonella"
"Otu00545",0.202805134121258,0.170507008356816,0.224522606874281,"Ruminococcaceae"
"Otu00613",0.202275107188009,0.163888353692965,0.261540575090908,"Coprobacillus"
"Otu00308",0.201562454605937,0.164963709246062,0.226066274475868,"Firmicutes"
"Otu00262",0.201203074929169,0.175881898893136,0.229926652733965,"Erysipelotrichaceae"
"Otu00316",0.201088174104643,0.171332755560073,0.23399279969968,"Firmicutes"
"Otu00254",0.199881994156125,0.161153574304753,0.22213786442419,"Ruminococcaceae"
"Otu00235",0.199826016942793,0.172763133063482,0.230721804360383,"Coriobacteriaceae"
"Otu00532",0.198420866935286,0.172870733701132,0.228266540828154,"Lachnospiraceae"
"Otu00598",0.197437267960927,0.170304076060307,0.229592736345489,"Streptococcus"
"Otu00044",0.196883902285359,0.178174347177839,0.223444743939688,"Clostridiales"
"Otu00246",0.196129031710135,0.169404810355438,0.214341414339328,"Clostridiales"
"Otu00251",0.195202652728514,0.168863557422066,0.225738328548201,"Parabacteroides"
"Otu00080",0.19510441109586,0.170404111298841,0.229334962503157,"Prevotella"
"Otu00502",0.195001594584986,0.162324348031854,0.216121146708765,"Oscillibacter"
"Otu00452",0.194515905343427,0.164545703012071,0.226334675708631,"Oscillibacter"
"Otu00282",0.193976801023019,0.169263235672628,0.218571643655291,"Clostridiales"
"Otu00845",0.193759250111998,0.164794886666999,0.215187739137123,"Ruminococcaceae"
"Otu00271",0.192080863539895,0.167981775828016,0.220416302235075,"Coprobacillus"
"Otu00343",0.191819695741404,0.167407709697354,0.216390583034574,"Clostridiales"
"Otu00248",0.190805013700117,0.163744042379037,0.220819587751046,"Peptostreptococcaceae"
"Otu00842",0.190349860861224,0.156200523465501,0.217213553019778,"Ruminococcaceae"
"Otu00170",0.190037929175877,0.165035385945625,0.218585118458599,"Clostridiales"
"Otu00291",0.189840453823173,0.159327286172199,0.212000670211806,"Porphyromonadaceae"
"Otu00111",0.189683063573647,0.170457272958788,0.217286716436169,"Bacteroides"
"Otu00484",0.189470006456791,0.166656555815781,0.224973739020252,"Anaerostipes"
"Otu00419",0.189311978250237,0.16299386106132,0.21439304490131,"Clostridiales"
"Otu00224",0.189258191186283,0.166088339853721,0.211693113427496,"Enterorhabdus"
"Otu00584",0.189202900317518,0.163379185197471,0.218433528859525,"Lachnospiraceae"
"Otu00635",0.188951904335231,0.162069661261728,0.222413311021151,"Lachnospiraceae"
"Otu00263",0.188832641671643,0.158553017214842,0.215975354215306,"Porphyromonadaceae"
"Otu00305",0.188023998660558,0.163328487241877,0.220224612332124,"Lachnospiraceae"
"Otu00676",0.187251474591855,0.152794412099925,0.226117822141634,"Clostridiales"
"Otu00192",0.187100541196632,0.165214354764618,0.204625200306135,"Lachnospiraceae"
"Otu00492",0.187035617980827,0.15623482892131,0.218277110599178,"Clostridiales"
"Otu00516",0.186913128561014,0.157376466205957,0.210918146972226,"Streptococcus"
"Otu00307",0.186853520997159,0.165152872650436,0.209267194423514,"Porphyromonadaceae"
"Otu00312",0.186090451195704,0.155715651039596,0.205815430857532,"Lachnospiraceae"
"Otu00122",0.185629964675488,0.163900918148669,0.222063839250983,"Clostridiales"
"Otu00435",0.185619533256545,0.146280637384216,0.216613581327592,"Ruminococcaceae"
"Otu00391",0.184086252544996,0.157380294893473,0.208588671647738,"Clostridium_IV"
"Otu00270",0.183660734690742,0.162425631608557,0.203892084791407,"Lactobacillus"
"Otu00558",0.18345620190282,0.150031708139033,0.212990834565336,"Clostridium_XlVa"
"Otu00562",0.18269631553097,0.148688009685727,0.216018183257531,"Ruminococcaceae"
"Otu00057",0.181896641327216,0.154986952611629,0.210932871625797,"Alistipes"
"Otu00186",0.18171821232229,0.162778124052386,0.212775669687089,"Streptococcus"
"Otu00467",0.180843533561584,0.156850123543846,0.209378626752982,"Lachnospiraceae"
"Otu00323",0.1806194515544,0.144234648299913,0.199056345435786,"Ruminococcaceae"
"Otu00216",0.178960180521259,0.154676454016417,0.221864633149481,"Lactobacillus"
"Otu00101",0.178871544026201,0.149577593330484,0.206530176363367,"Bacteroides"
"Otu00485",0.177274883136509,0.1555835704083,0.203676785747989,"Streptococcus"
"Otu00609",0.177225082713675,0.144675258866065,0.199093956194666,"Clostridiales"
"Otu00416",0.176661237531077,0.145859210529268,0.20614790775777,"Ruminococcaceae"
"Otu00061",0.17388307712081,0.14896936290766,0.197653258782596,"Faecalibacterium"
"Otu00233",0.173034454301359,0.149631714290032,0.203897706752508,"Coprococcus"
"Otu00508",0.170662392979874,0.147003514349436,0.195081848513812,"Bacteria"
"Otu00436",0.169919574243052,0.143825042411606,0.192858182469553,"Clostridium_XlVa"
"Otu00762",0.16948953032396,0.14399624554349,0.195062265587719,"Clostridiales"
"Otu00503",0.168983620394351,0.127462875265582,0.210906863242651,"Clostridium_IV"
"Otu00173",0.168974436062581,0.132940225077694,0.210632213703372,"Porphyromonas"
"Otu00551",0.168353798268838,0.146111470556232,0.20060666542949,"Clostridiales"
"Otu00775",0.166901570457752,0.141330820465773,0.191601096275384,"Clostridiales"
"Otu00256",0.166883541345871,0.134662344075122,0.192477477523814,"Porphyromonadaceae"
"Otu00628",0.166805580572218,0.147963634769161,0.185507023900164,"Firmicutes"
"Otu00482",0.166793966307704,0.146037228429245,0.189334561598643,"Lachnospiraceae"
"Otu00410",0.1658382897003,0.138769909547649,0.190117246029636,"Ruminococcus2"
"Otu00213",0.164749772311136,0.142291214597363,0.201000968530688,"Akkermansia"
"Otu00811",0.164064413621145,0.142005875754611,0.188670742426327,"Clostridiales"
"Otu00692",0.163976851994126,0.140417827472424,0.18639864190603,"Erysipelotrichaceae"
"Otu00310",0.163842632133465,0.140585903608728,0.195219091985341,"Alistipes"
"Otu00334",0.163656626068398,0.141762758514689,0.185207987557853,"Clostridiales"
"Otu00200",0.163191507612969,0.148842113681362,0.182679911457717,"Bacteroides"
"Otu01029",0.161166822341924,0.131156235765644,0.197957620444965,"Clostridiales"
"Otu00585",0.161088408191542,0.141066682667983,0.186023572181648,"Lachnospiraceae"
"Otu00166",0.160982299311504,0.141826188836673,0.190378241866193,"Blautia"
"Otu00580",0.16010736218725,0.136883082719993,0.1798609761253,"Ruminococcaceae"
"Otu01139",0.160084162329084,0.131620463590125,0.183879443359603,"Clostridia"
"Otu00625",0.15923001490519,0.138676832007043,0.189521953368901,"Bacteria"
"Otu00123",0.157730287576695,0.129515684948367,0.172451291605701,"Bacteroides"
"Otu00349",0.157715985969605,0.136597203574694,0.189251837796746,"Pseudoflavonifractor"
"Otu00594",0.157322927543801,0.127756923833039,0.180034253886022,"Ruminococcaceae"
"Otu00802",0.157023482631633,0.13421751714109,0.186703153184939,"Ruminococcaceae"
"Otu00606",0.156715824170634,0.133717127505767,0.190808257290234,"Oxalobacteraceae"
"Otu00177",0.155146991020618,0.138998673327012,0.185183793678961,"Paraprevotella"
"Otu00581",0.154511341685492,0.135758673817986,0.182930168813487,"Flavonifractor"
"Otu00758",0.153924576513112,0.130291722295721,0.179175942309477,"Anaerofustis"
"Otu04178",0.153508281174089,0.135337553054869,0.175190679899674,"Clostridia"
"Otu00507",0.153424344385358,0.127683731422615,0.173407508844903,"Acidaminococcaceae"
"Otu00536",0.15221891909559,0.12822241451202,0.184139096561318,"Ruminococcaceae"
"Otu00756",0.15213167270714,0.117432790490152,0.178860625241468,"Bacteria"
"Otu01411",0.151833224660613,0.127862871643395,0.177592477927339,"Firmicutes"
"Otu00501",0.151540081472108,0.125363658304639,0.183061749921708,"Barnesiella"
"Otu00181",0.151462611559374,0.132544232329666,0.178387744947999,"Bifidobacterium"
"Otu00517",0.151395168305276,0.12247840777905,0.175193451160804,"Bacteria"
"Otu00746",0.150698450700913,0.126638373367667,0.183074156887185,"Ruminococcaceae"
"Otu00221",0.150060228701527,0.123824451612929,0.17776957344782,"Lachnospiraceae"
"Otu00831",0.149735492205361,0.127546538824279,0.182509065646222,"Oscillibacter"
"Otu00190",0.146539866072101,0.122048599846307,0.170867209448337,"Blautia"
"Otu00406",0.1456314407644,0.120464016766506,0.180911086884063,"Porphyromonadaceae"
"Otu01019",0.145556978217702,0.113857139578807,0.179888448484489,"Clostridiales"
"Otu00413",0.145550852115025,0.122812238902185,0.168678882905143,"Lactobacillus"
"Otu00653",0.145068899320789,0.119703448451297,0.168760555803294,"Lachnospiraceae"
"Otu00486",0.14439664096946,0.125718353891768,0.165618257325257,"Clostridium_XlVb"
"Otu00073",0.144096577055821,0.11867979610352,0.169350159303598,"Roseburia"
"Otu00659",0.143541295418807,0.116683076523053,0.171953607138431,"Firmicutes"
"Otu00728",0.143535319336517,0.11647267937471,0.160402109823745,"Clostridium_IV"
"Otu00706",0.142552852963693,0.120216253207869,0.167265245245971,"Clostridiales"
"Otu00844",0.14243908554106,0.116435557387121,0.168059145138578,"Ruminococcaceae"
"Otu00169",0.142129769531279,0.122967499560499,0.167349965123622,"Streptococcus"
"Otu00171",0.14196943640781,0.11460859345307,0.1675376315417,"Ruminococcus"
"Otu00797",0.141800370959277,0.121689657217035,0.160845886546177,"Corynebacterium"
"Otu00557",0.140814256366137,0.118801032129351,0.165394815285825,"Lactonifactor"
"Otu01007",0.140613494976905,0.110665537588973,0.159587322541594,"Bacteria"
"Otu00741",0.139950551717235,0.106599760543705,0.164397343930693,"Blautia"
"Otu00559",0.139920629881282,0.116994956467013,0.162915336738814,"Bacteria"
"Otu00617",0.138382084162563,0.116031191597229,0.161717565714825,"Ruminococcaceae"
"Otu00734",0.138046246869898,0.112906111155964,0.167827684461424,"Clostridiales"
"Otu00677",0.137866458840761,0.120089806269244,0.173014259284715,"Pasteurellaceae"
"Otu00068",0.137636740239144,0.114821114375076,0.160577803518947,"Bacteroides"
"Otu00626",0.137537554399705,0.112835218791141,0.159014039639423,"Bacteria"
"Otu00586",0.136859690113874,0.105660999280806,0.151821466027039,"Lachnospiraceae"
"Otu00755",0.13607997355441,0.112110108552646,0.153880043401219,"Bacteria"
"Otu00943",0.135912009201136,0.120187675699684,0.162570220882806,"Methylobacterium"
"Otu00597",0.135360785241359,0.109911977670646,0.155620086247169,"Oscillibacter"
"Otu00709",0.135309290646631,0.113027074070495,0.158071597506495,"Clostridiales"
"Otu00510",0.134657535830649,0.112183235076698,0.156190380022877,"Ruminococcaceae"
"Otu02682",0.13431221509443,0.110324216618537,0.157081115073313,"Clostridia"
"Otu00782",0.133886815177994,0.110140083465621,0.156998674659404,"Ruminococcaceae"
"Otu00237",0.132729340689638,0.108416307172732,0.164098307664268,"Clostridiales"
"Otu00627",0.131220585528276,0.106908379442858,0.15671115933164,"Actinomyces"
"Otu00481",0.130529248138992,0.109738797679828,0.145695133560399,"Clostridium_XI"
"Otu00785",0.129384290426674,0.101770296625852,0.158662289330352,"Ruminococcaceae"
"Otu00440",0.128119858303423,0.10182512378783,0.152678786138919,"Erysipelotrichaceae"
"Otu00187",0.127424212107164,0.101672700554281,0.150054938473412,"Ruminococcus"
"Otu00159",0.127356892865047,0.107941935484876,0.146785557655273,"Clostridiales"
"Otu00531",0.127289072117283,0.105072816950738,0.145546424866361,"Mogibacterium"
"Otu00117",0.126700594416607,0.101468540862635,0.151868217248425,"Clostridiales"
"Otu00799",0.126321497189096,0.109455750646481,0.141040096841185,"Clostridiales"
"Otu00479",0.126064933035475,0.0927819933190379,0.144877578384944,"Ruminococcaceae"
"Otu00529",0.124871924346488,0.0937239693939921,0.145729638155874,"Bacteria"
"Otu01098",0.124688256163201,0.105589517084932,0.147108766034551,"Clostridiales"
"Otu00732",0.124056534759629,0.0963977819131642,0.144998550931799,"Clostridiales"
"Otu00194",0.123956054493162,0.096160587306138,0.144726785948356,"Porphyromonadaceae"
"Otu00657",0.122605234817256,0.0774543597853027,0.141103322120646,"Clostridia"
"Otu00890",0.122476283333699,0.0858173256984743,0.143355577024763,"Anaerotruncus"
"Otu00042",0.120865823771125,0.0987329816104498,0.153464216490553,"Ruminococcus"
"Otu00766",0.119844832359198,0.0975135072580446,0.144066923393611,"Clostridiales"
"Otu00544",0.119284479397676,0.0998926769582261,0.145763091962477,"Ruminococcaceae"
"Otu00225",0.119023547560334,0.0995281861658696,0.135762253273044,"Bacteroides"
"Otu00136",0.118232212390314,0.102032952968848,0.139356015196965,"Alistipes"
"Otu00922",0.117808422030489,0.0948837463654615,0.13643409241975,"Clostridiales"
"Otu01141",0.117768950502946,0.0853969502405892,0.140859759053747,"Firmicutes"
"Otu00387",0.117657767628867,0.0968312723657742,0.133060986568742,"Blautia"
"Otu00693",0.117512336761755,0.0916951764894983,0.135088488805961,"Proteobacteria"
"Otu00704",0.115880393881816,0.0930096663130044,0.147628388864754,"Ruminococcaceae"
"Otu00662",0.115844943312797,0.0963748085531453,0.14267272562307,"Rothia"
"Otu01090",0.115716874526701,0.101265685259348,0.13933954680993,"Alistipes"
"Otu00222",0.114887435401042,0.0958357948668376,0.135936164384139,"Roseburia"
"Otu00790",0.11478760298107,0.073947808339585,0.136379100933648,"Bacteria"
"Otu00893",0.114293870804634,0.0954845203257338,0.138574094952627,"Clostridium_IV"
"Otu00624",0.113558549029621,0.0893203962192752,0.152132502585263,"Actinomyces"
"Otu00812",0.113489664236159,0.09568054724155,0.137396403130324,"Lachnospiraceae"
"Otu01028",0.113354845085303,0.0935155330102178,0.129909840816075,"Clostridiales"
"Otu00351",0.113076029235478,0.0920506006930371,0.134324270326748,"Lachnospiraceae"
"Otu00164",0.112688517811082,0.092015038776084,0.130821535420403,"Clostridiales"
"Otu00771",0.112620283314817,0.0942203609623236,0.134157306957735,"Lachnospiraceae"
"Otu00678",0.111561794215905,0.0935585381809922,0.133538877392645,"Ruminococcaceae"
"Otu01124",0.110946764401723,0.0930019306882813,0.133800064931035,"Lachnospiraceae"
"Otu00880",0.110647737308737,0.0904692157735497,0.127205533283684,"Clostridia"
"Otu00852",0.10998410471904,0.0899605805522061,0.136872796745308,"Firmicutes"
"Otu00780",0.109603334466081,0.0926279710593098,0.129628419402827,"Clostridiales"
"Otu01003",0.109338143066209,0.0901669729133469,0.126350460969846,"Clostridiales"
"Otu00997",0.108956257777795,0.0826763446980308,0.132129216259514,"Oscillibacter"
"Otu00906",0.108832339173039,0.0903799591427389,0.12577758020363,"Clostridiales"
"Otu00118",0.108804608164984,0.081625149280296,0.124413182296414,"Bacteria"
"Otu00941",0.108667785900729,0.0892872644852216,0.120620361246436,"Ruminococcus2"
"Otu00398",0.108604695480597,0.093911863363699,0.135082416401483,"Neisseria"
"Otu00750",0.108485684880374,0.0832948867810136,0.132440261901758,"Ruminococcaceae"
"Otu00217",0.108342257150036,0.0923416351037837,0.126117930812485,"Lachnospiraceae"
"Otu00670",0.10648038592642,0.0851614651603108,0.127837126573795,"Lactobacillus"
"Otu00183",0.106096343978658,0.0890544181824309,0.120938234195129,"Bacteroides"
"Otu01093",0.105676009495334,0.0898350805477771,0.126581763762226,"Clostridiales"
"Otu00067",0.105006808015135,0.0857628569496655,0.121209228104539,"Pseudomonas"
"Otu01142",0.10486349689902,0.07928914667413,0.124425468298526,"Bacteria"
"Otu00947",0.104097625774712,0.079962679766724,0.123766805478478,"Oscillibacter"
"Otu00229",0.103901258468113,0.0888939239872134,0.121341431658718,"Bacteroides"
"Otu00995",0.103871002470986,0.0855428542348859,0.122571021421783,"Ruminococcaceae"
"Otu00644",0.103394693448579,0.0799225681395256,0.119807963086612,"Oscillibacter"
"Otu00364",0.102942887769753,0.0815696383455146,0.123175130135447,"Blautia"
"Otu00804",0.101987799111255,0.0831541390046882,0.116592309874796,"Ruminococcaceae"
"Otu01066",0.101939042299074,0.0782616500683104,0.117295973841926,"Ruminococcaceae"
"Otu00823",0.101676832555596,0.0749765844691801,0.118662288428645,"Lachnospiraceae"
"Otu00853",0.101666575503304,0.0813282679716091,0.111366200860256,"Ruminococcaceae"
"Otu00168",0.101481548367631,0.085362378560458,0.116355599873575,"Roseburia"
"Otu00602",0.100997890029427,0.0815318890429408,0.123174349756495,"Ruminococcaceae"
"Otu01169",0.100464896646829,0.076870203728548,0.117790088269293,"Lachnospiraceae"
"Otu00793",0.100128362241345,0.0855626807049959,0.124422230766936,"Lachnospiraceae"
"Otu01100",0.10005586782611,0.0800601419206366,0.126097087009464,"Firmicutes"
"Otu00199",0.0993309796670533,0.075798023706153,0.117475229140189,"Lachnospiraceae"
"Otu00944",0.0983446495794524,0.0759635757587629,0.118749393848924,"Firmicutes"
"Otu00421",0.0980882863553981,0.0849142973299975,0.114489104362886,"Ruminococcus2"
"Otu00347",0.0978796644877594,0.0814968533501759,0.11465701594588,"Ruminococcaceae"
"Otu01228",0.0978784386606262,0.0791360299133183,0.112055222509875,"Ruminococcaceae"
"Otu00415",0.0978346885466513,0.0847568361823605,0.117359328226554,"Oscillibacter"
"Otu00268",0.0966071586208232,0.0870053052962833,0.117986980592077,"Blautia"
"Otu00828",0.0964496095609961,0.0762427152561727,0.112637188237537,"Lachnospiraceae"
"Otu00772",0.0964495389107094,0.0810451088477545,0.112773202400534,"Clostridium_XlVa"
"Otu00745",0.0964123430425062,0.0813700769275108,0.11800620910921,"Ruminococcaceae"
"Otu00690",0.0954691629405828,0.0756862362401753,0.11364191085863,"Clostridiales"
"Otu01264",0.0948229644314812,0.0754310310123179,0.114198186954191,"Porphyromonadaceae"
"Otu00283",0.094757646088221,0.0718989633401729,0.109900429178462,"Faecalibacterium"
"Otu00352",0.0944850038521909,0.0711205999384832,0.109397204333881,"Fusobacterium"
"Otu00239",0.0939973936867112,0.0734009448613539,0.111789722112296,"Bacteroides"
"Otu00583",0.0936139615477888,0.0752762153171051,0.108024452234945,"Atopobium"
"Otu00097",0.0935524457301342,0.0773479362057245,0.109656136458627,"Staphylococcus"
"Otu00571",0.0931264894943086,0.0767051660434272,0.108709039157235,"Faecalibacterium"
"Otu00198",0.0928081470799721,0.0754071296534385,0.110868546706366,"Alistipes"
"Otu01533",0.092425654290821,0.0782958146168724,0.113682815876415,"Porphyromonadaceae"
"Otu00335",0.0922083119693293,0.0738802131914818,0.112962533909966,"Bifidobacterium"
"Otu01255",0.0921079801338027,0.0806455215023312,0.108988880460729,"Ruminococcaceae"
"Otu00414",0.092039256662412,0.0712098695292612,0.106387105202448,"Ruminococcaceae"
"Otu00981",0.0917340688619601,0.0753234840551899,0.106052870764593,"Clostridiales"
"Otu00747",0.091698548180481,0.0633543635052472,0.112500231936331,"Ruminococcaceae"
"Otu00228",0.0914022937378298,0.0724179973971165,0.106288684731243,"Blautia"
"Otu00313",0.0912312576114278,0.07089366391631,0.10654511106172,"Bacteroides"
"Otu00673",0.0903323252288119,0.0703178818849845,0.108567334391444,"Bacteroides"
"Otu01027",0.0896163810016799,0.0688360719667772,0.112367553297812,"Firmicutes"
"Otu00356",0.0890108059517933,0.0653224781435369,0.104057211574,"Bacteroides"
"Otu00618",0.0880559053834669,0.0654194015564448,0.103216398800787,"Oscillibacter"
"Otu00322",0.0878017718828802,0.0701684824393991,0.106247394737154,"Akkermansia"
"Otu01965",0.0873889150695971,0.0715235600597016,0.108676931288256,"Clostridiales"
"Otu01613",0.0871889555617026,0.0695549060085082,0.104664283553128,"Clostridiales"
"Otu00330",0.087136201867031,0.0690684217664065,0.104529913095669,"Firmicutes"
"Otu00953",0.0870022296515853,0.066243036635713,0.103180343301987,"Ruminococcaceae"
"Otu01216",0.0866144989992575,0.0719886716805653,0.111045800177538,"Ruminococcaceae"
"Otu00306",0.0860493751910119,0.0680928479979971,0.107647455113032,"Bacteroides"
"Otu00599",0.0858637271521242,0.068201251228325,0.104563537381425,"Ruminococcus2"
"Otu01275",0.0853809194723628,0.0627248558832789,0.0945976274422365,"Bacteria"
"Otu00491",0.0851932291982523,0.0677855122406508,0.103532072573767,"Blautia"
"Otu01220",0.0846459926448421,0.0713190503122856,0.103222795855516,"Finegoldia"
"Otu01246",0.0843924153552032,0.0603863177899873,0.102943748950438,"Anaerorhabdus"
"Otu00910",0.0841878847005004,0.0649104552021396,0.103839332752014,"Clostridiales"
"Otu00265",0.0840487451731625,0.0640853899406116,0.100770609041135,"Porphyromonadaceae"
"Otu02897",0.0837982486244201,0.0693081631578274,0.0981097066728053,"Clostridiales"
"Otu00898",0.0826747112226752,0.0694170499709696,0.100202211225107,"Alistipes"
"Otu00847",0.0825192807670539,0.0610125829448604,0.096130057668623,"Clostridiales"
"Otu01052",0.0818943222970351,0.0650770813347426,0.102528694589417,"Sporobacter"
"Otu00951",0.0815701968578382,0.0628966550120066,0.100058893622206,"Ruminococcaceae"
"Otu02895",0.08112068199128,0.0528455327926678,0.0959556616908334,"Clostridiales"
"Otu00630",0.0795126995825662,0.0637394751794985,0.0949544684804342,"Ruminococcaceae"
"Otu00359",0.0793075403449875,0.0593678289991181,0.100518987594318,"Lachnospiraceae"
"Otu00366",0.0790092704059792,0.0629730818168096,0.0997653845797113,"Bacteroides"
"Otu01089",0.0784552559257332,0.0672894834236417,0.0938837884404191,"Clostridiales"
"Otu00226",0.0781752724467096,0.0640618886382196,0.0929767790122402,"Bacteroides"
"Otu04180",0.0780479643576047,0.0518596468245972,0.0943133281352738,"Clostridia"
"Otu01061",0.0771726008400384,0.0609002319911106,0.0955206162740117,"Ruminococcaceae"
"Otu01039",0.0771130612172163,0.060786508085896,0.0997523438492513,"Ruminococcaceae"
"Otu00616",0.0767739411672986,0.0599104450952911,0.0953666607082083,"Ruminococcaceae"
"Otu01082",0.0764145904193471,0.0532332369002951,0.0887419904323578,"Lachnospiraceae"
"Otu01413",0.0763248710050744,0.0631081030860995,0.0911177230508952,"Actinomycetales"
"Otu00212",0.0760412640374485,0.0587560658037993,0.0903010854661475,"Alistipes"
"Otu00809",0.0754945949543866,0.0558283082950207,0.0863137220123657,"Fusobacterium"
"Otu00196",0.0751706740490059,0.0620180822642608,0.0881899151372511,"Blautia"
"Otu01183",0.0741176794771655,0.0541347479263042,0.0954636359313634,"Clostridium_XlVb"
"Otu00783",0.0739097609824095,0.0564619728755415,0.0909575291052011,"Ruminococcaceae"
"Otu01232",0.0738890336952431,0.0556056635584945,0.0880177788048969,"Clostridium_IV"
"Otu00442",0.0726266158794906,0.0582357071036352,0.091083051743063,"Blautia"
"Otu00645",0.0725713222135458,0.0542901222304495,0.0931671178119586,"Porphyromonadaceae"
"Otu00174",0.0725124613756207,0.0579125430567364,0.0861015954170301,"Alistipes"
"Otu00276",0.0713645154563115,0.0524679898813859,0.0927757839620734,"Blautia"
"Otu00987",0.0711180800307959,0.0561386580925125,0.0861182808502737,"Ruminococcaceae"
"Otu01055",0.0707619389152727,0.052012359452536,0.0870248721881757,"Solobacterium"
"Otu01254",0.0706221184576069,0.0542943212423514,0.0893024263625361,"Ruminococcaceae"
"Otu00723",0.0705742541187342,0.0543212633032654,0.0838918332956493,"Alloprevotella"
"Otu00472",0.0699289486065569,0.0606450328403968,0.0849063632627615,"Ruminococcus"
"Otu00459",0.0698457494912842,0.0553471295594229,0.0812615115611744,"Lachnospiraceae"
"Otu01001",0.0693743155512071,0.0579969825230617,0.0813907626634087,"Clostridiales"
"Otu00418",0.0683371976270588,0.0520524050657827,0.0853500835550342,"Bacteroides"
"Otu00449",0.0671189519876094,0.0502976257020339,0.0777228993576018,"Dorea"
"Otu00381",0.0663616917211863,0.0461907814281784,0.0749952293560022,"Ruminococcaceae"
"Otu00904",0.0663327533898233,0.0525759510816805,0.0798608300219643,"Collinsella"
"Otu01217",0.066157763379228,0.0485966312210759,0.0776271597084733,"Ruminococcaceae"
"Otu01048",0.0654823616292433,0.0444183773718717,0.0786241436589548,"Lachnospiraceae"
"Otu00218",0.0636281531927561,0.0481763550183114,0.075829103824078,"Lachnospiraceae"
"Otu01238",0.0609608725740097,0.0465113788525151,0.0774129402689544,"Ruminococcaceae"
"Otu01456",0.0604692635779354,0.0474207152051567,0.0704114701797863,"Clostridiales"
"Otu00325",0.0601777040578027,0.0407075190549537,0.0748859324077709,"Parabacteroides"
"Otu01790",0.0597988705741344,0.0456469923775545,0.0697495816444991,"Ruminococcaceae"
"Otu01866",0.0591093034624566,0.0468271841398513,0.0712298447603298,"Ruminococcaceae"
"Otu00368",0.0579835115586465,0.0443116342421896,0.0719171816972171,"Butyricimonas"
"Otu00301",0.0577288796385866,0.0489028570303063,0.0699971735131474,"Bacteroides"
"Otu00533",0.0544241305070218,0.0400853129465856,0.071621063833618,"Blautia"
"Otu00400",0.0529925130474281,0.0422131419529884,0.0658699186227877,"Oscillibacter"
"Otu00986",0.0460963439042199,0.0333788540634022,0.0578872562488663,"Ruminococcaceae"
"Otu02396",0.0397841840567417,0.0308982068722514,0.0555960520531433,"Firmicutes"
