"Resample001","Resample002","Resample003","Resample004","Resample005","Resample006","Resample007","Resample008","Resample009","Resample010","Resample011","Resample012","Resample013","Resample014","Resample015","Resample016","Resample017","Resample018","Resample019","Resample020","Resample021","Resample022","Resample023","Resample024","Resample025","Resample026","Resample027","Resample028","Resample029","Resample030","Resample031","Resample032","Resample033","Resample034","Resample035","Resample036","Resample037","Resample038","Resample039","Resample040","Resample041","Resample042","Resample043","Resample044","Resample045","Resample046","Resample047","Resample048","Resample049","Resample050","Resample051","Resample052","Resample053","Resample054","Resample055","Resample056","Resample057","Resample058","Resample059","Resample060","Resample061","Resample062","Resample063","Resample064","Resample065","Resample066","Resample067","Resample068","Resample069","Resample070","Resample071","Resample072","Resample073","Resample074","Resample075","Resample076","Resample077","Resample078","Resample079","Resample080","Resample081","Resample082","Resample083","Resample084","Resample085","Resample086","Resample087","Resample088","Resample089","Resample090","Resample091","Resample092","Resample093","Resample094","Resample095","Resample096","Resample097","Resample098","Resample099","Resample100"
1,1,1,2,1,1,1,1,1,1,1,1,1,2,1,1,1,1,1,1,1,1,1,1,1,1,1,1,1,2,1,1,1,1,1,2,1,2,1,1,2,3,2,2,1,1,1,1,1,1,1,1,1,1,2,1,1,1,1,1,1,1,2,1,1,2,1,1,1,1,1,1,1,3,2,2,1,1,2,1,1,1,1,1,2,1,2,2,1,2,1,1,1,1,1,1,1,1,1,1
2,3,2,3,2,3,2,2,2,2,2,2,3,4,2,2,2,3,2,2,2,2,2,2,2,2,2,2,3,3,2,2,2,2,2,5,2,3,2,2,3,4,4,3,2,2,2,2,2,2,2,3,2,2,3,2,2,3,2,3,2,3,3,2,2,3,2,3,2,2,3,3,2,4,3,3,2,2,4,2,2,2,2,2,3,2,3,3,3,4,2,2,2,2,2,2,3,3,2,3
3,4,3,4,3,4,4,4,3,3,3,4,4,5,3,3,3,4,3,3,4,3,3,3,3,3,4,3,4,6,3,3,3,4,3,6,3,4,3,4,6,5,5,5,4,3,3,3,3,3,3,4,4,3,4,3,4,4,3,4,4,5,4,3,4,4,4,4,3,3,4,4,3,5,4,4,3,3,6,3,3,3,3,3,4,3,4,5,4,5,5,5,3,4,3,3,4,4,3,4
4,6,4,5,4,6,5,5,4,4,6,6,5,6,4,4,4,5,4,5,6,4,4,4,5,4,5,4,8,7,4,4,4,5,5,7,4,5,4,5,7,6,6,6,5,6,4,4,4,4,5,5,5,4,5,4,7,5,4,5,6,8,5,4,5,5,5,6,4,4,5,5,4,7,5,5,4,4,8,4,4,4,4,4,5,4,6,6,6,7,6,7,4,6,4,4,5,6,4,5
8,7,5,6,5,8,6,6,5,5,7,7,6,8,5,5,6,7,7,6,7,5,5,5,6,6,7,5,9,8,5,6,5,7,6,8,7,6,6,6,8,7,7,7,7,7,5,5,6,5,6,6,7,5,7,6,8,6,6,6,7,9,7,5,6,6,8,8,5,6,6,6,7,8,7,6,5,5,9,6,5,5,5,7,6,5,7,8,9,8,7,9,5,11,5,5,7,8,8,6
9,9,6,7,7,9,7,7,6,6,8,9,7,9,6,8,7,9,8,7,9,6,6,6,7,7,9,7,11,9,6,7,6,9,8,10,8,7,7,7,9,9,8,8,8,8,6,6,8,6,7,7,8,6,8,7,9,7,8,7,8,12,8,7,8,7,10,9,6,7,7,7,8,9,8,7,6,6,10,7,6,6,6,8,7,6,8,9,11,9,8,10,6,12,7,6,8,9,10,7
10,10,7,11,9,10,8,9,7,7,9,10,9,10,7,9,9,12,9,10,11,7,7,7,8,8,10,8,12,10,7,8,9,10,10,11,9,8,10,8,12,10,9,9,9,9,8,7,9,7,8,8,9,7,9,8,12,8,9,8,9,13,9,8,9,8,11,10,9,8,10,9,9,10,9,8,7,7,11,8,7,7,7,9,8,8,9,11,12,11,9,11,7,13,8,7,9,10,11,8
11,11,8,12,10,11,9,10,8,8,10,13,10,11,10,10,10,13,10,11,12,8,8,8,9,9,11,10,13,11,8,10,10,11,12,12,10,9,11,10,13,11,10,10,10,10,9,8,10,8,9,9,10,8,10,9,13,9,11,10,10,16,10,10,10,9,13,11,10,10,11,10,10,11,10,9,9,8,12,10,8,8,8,12,10,10,10,12,13,12,11,12,8,14,9,8,10,11,12,9
12,12,9,13,11,12,11,11,9,9,11,14,11,12,11,11,11,15,12,12,13,10,10,9,10,10,12,11,14,13,10,12,11,12,13,14,11,11,12,11,14,12,11,11,13,11,10,10,11,9,10,10,11,10,11,11,14,10,12,11,11,17,11,11,12,10,14,12,11,11,12,12,11,12,11,11,11,9,13,11,12,11,9,13,11,12,11,13,14,13,13,13,9,16,10,9,11,12,13,10
13,14,11,14,12,14,12,12,10,10,13,15,12,13,12,13,12,16,13,13,14,11,12,10,11,11,14,12,15,14,11,13,12,13,14,15,12,12,13,12,15,13,12,13,14,12,11,11,12,10,12,13,12,12,12,12,15,11,13,12,12,18,12,12,13,11,15,13,13,12,13,13,12,13,12,12,12,11,14,12,14,12,10,15,12,13,12,14,16,15,14,14,10,18,12,10,12,14,16,11
16,15,12,15,14,16,14,14,12,11,14,16,14,14,13,14,13,17,14,15,15,13,13,13,12,13,15,13,16,15,12,14,13,14,15,16,13,14,14,13,16,14,13,14,15,13,12,12,13,11,14,15,13,13,13,13,16,12,15,14,13,19,13,13,14,12,17,14,14,13,14,14,13,14,13,13,16,12,15,13,15,13,11,16,13,14,13,15,18,17,15,15,11,19,13,11,13,15,17,12
17,16,14,16,16,17,16,16,14,12,15,18,15,15,14,15,15,18,15,16,16,14,15,14,13,14,16,14,17,16,14,15,16,15,16,17,14,15,17,15,17,15,14,16,18,15,13,13,14,13,15,16,14,14,14,14,17,13,17,15,14,20,14,14,16,13,18,15,15,14,15,15,14,15,14,14,17,13,16,15,16,14,12,17,14,15,14,16,19,18,18,16,12,20,14,12,14,16,18,13
18,17,16,17,17,18,17,17,15,13,16,19,16,16,15,16,16,19,16,17,17,15,16,15,14,15,18,15,18,17,15,16,17,16,17,18,15,16,19,16,18,17,15,18,19,16,14,14,15,14,16,18,15,15,15,15,18,14,18,16,15,21,15,15,17,14,20,16,16,17,16,16,15,16,15,15,18,14,17,16,17,15,13,18,17,16,15,17,20,19,20,17,13,21,17,13,15,17,19,14
19,18,17,18,18,19,18,18,16,14,17,20,17,17,16,18,17,20,17,18,18,17,17,16,15,16,19,16,19,18,16,18,18,17,18,19,17,17,20,17,19,18,16,19,20,17,15,16,18,16,18,20,17,16,16,16,19,15,19,17,16,22,16,16,18,16,21,17,17,18,17,18,17,17,17,16,19,15,18,17,18,16,14,19,18,18,16,18,21,20,22,18,14,22,18,14,16,18,20,15
20,19,19,19,19,22,19,19,17,15,19,21,18,19,17,19,18,21,20,19,19,18,18,17,16,17,24,17,20,20,18,19,19,18,19,20,19,18,21,20,20,19,17,20,21,18,16,17,20,18,19,21,18,17,17,18,20,18,20,18,17,23,17,17,19,17,22,18,19,19,18,19,20,18,18,18,20,16,19,18,20,17,16,21,19,19,17,19,22,22,23,19,18,23,19,15,17,19,21,16
21,21,20,20,21,23,20,20,19,16,20,23,20,21,18,21,19,22,21,20,20,19,20,18,17,18,25,18,21,21,19,20,20,20,21,21,20,19,22,21,21,20,18,21,22,19,17,18,21,20,22,23,19,18,19,19,21,19,22,19,18,24,19,18,20,18,24,19,20,20,19,20,21,19,20,19,21,19,20,19,21,18,18,24,20,20,18,21,23,23,25,20,20,24,20,17,18,20,22,17
23,22,21,21,22,24,21,21,20,17,22,24,21,22,19,22,20,23,22,21,23,20,22,19,19,19,26,20,22,22,20,21,21,21,22,22,21,20,23,22,22,22,19,22,23,20,18,20,22,21,23,24,20,19,20,21,23,20,24,21,19,25,20,19,21,19,25,20,21,21,20,23,22,21,21,20,23,20,21,21,22,19,19,25,21,21,19,22,25,24,26,21,21,26,21,19,19,21,23,18
24,23,22,22,23,25,22,22,21,18,23,25,22,23,20,23,21,24,23,22,24,22,25,20,21,20,27,21,23,24,21,22,22,22,23,23,22,21,24,23,23,23,20,24,24,21,19,21,23,22,24,25,21,20,21,24,24,21,25,22,20,26,21,20,22,20,28,21,22,23,21,24,23,22,22,22,26,22,22,23,24,20,20,27,22,22,20,23,26,25,27,23,23,27,22,21,20,22,24,19
25,27,23,25,24,26,23,23,22,19,25,27,23,24,22,26,23,25,25,23,26,23,27,22,23,22,28,22,25,25,22,24,23,23,27,25,24,22,25,24,24,24,21,25,25,22,20,22,24,23,25,26,22,22,22,26,25,22,27,23,21,27,22,21,23,21,29,22,23,24,22,25,24,23,24,23,27,23,23,24,25,21,21,28,23,23,21,24,27,26,28,24,24,28,24,22,21,23,25,20
26,28,25,26,25,27,25,24,23,21,26,28,24,25,23,27,24,26,26,24,27,24,29,23,24,23,31,23,26,26,23,25,24,24,29,26,25,23,26,25,26,25,22,26,27,23,21,23,25,24,26,27,23,23,24,27,26,23,28,24,23,28,24,22,24,22,30,23,24,25,23,26,25,24,25,25,28,24,24,28,26,22,23,29,24,24,22,25,28,27,30,25,25,29,25,23,22,24,27,21
27,29,26,27,27,28,26,25,24,22,28,30,25,26,24,28,25,27,27,26,28,25,30,25,25,24,33,24,27,27,25,26,25,25,30,28,26,24,27,27,27,26,23,27,28,24,22,24,26,25,27,29,24,24,25,28,27,25,29,26,24,29,25,23,25,25,31,25,25,26,24,28,27,25,26,26,29,25,25,29,28,23,24,30,25,26,23,26,30,28,31,26,26,31,26,24,23,25,28,22
29,30,27,29,28,29,27,26,25,24,30,31,26,27,25,29,26,28,28,28,29,26,31,26,26,26,34,25,28,28,26,29,26,26,31,29,29,25,28,30,28,27,24,28,29,25,23,25,27,27,28,30,26,26,27,29,28,26,30,27,25,30,26,24,26,26,32,26,26,27,25,29,28,26,27,28,30,26,26,30,29,24,26,31,26,27,26,27,31,29,33,29,28,33,27,25,25,26,29,23
31,31,28,30,29,30,28,27,26,25,31,32,27,28,30,30,27,29,29,29,31,27,32,27,27,28,35,26,29,30,27,32,27,27,32,30,30,26,30,31,29,28,25,29,30,26,24,26,28,28,29,31,27,27,28,30,29,27,31,28,26,32,27,27,27,27,34,27,27,28,27,30,29,27,28,30,31,27,27,33,30,25,27,32,27,28,27,28,32,30,34,30,29,34,28,26,26,29,30,25
32,33,29,31,30,31,29,28,27,26,36,33,28,29,31,31,28,30,30,30,32,28,33,28,28,30,36,27,30,31,28,33,28,28,33,31,31,27,31,32,30,29,26,32,31,28,25,27,29,29,30,32,28,28,29,34,30,28,32,29,27,33,28,28,28,28,36,28,28,29,28,31,30,28,29,31,32,28,28,34,31,26,28,33,28,30,28,29,33,31,35,31,30,35,30,27,27,30,31,26
33,35,30,32,31,32,30,30,29,29,37,34,29,31,32,33,29,31,31,31,33,29,35,29,29,32,37,28,31,32,29,34,30,29,34,32,32,28,32,33,31,30,27,33,32,29,26,28,30,30,32,33,30,29,31,35,32,29,33,30,29,34,29,30,29,29,37,29,30,31,29,32,31,29,32,32,33,29,29,35,32,27,29,34,29,31,29,30,34,32,36,32,32,36,32,28,30,31,33,27
34,36,32,33,32,33,31,31,30,31,39,35,30,33,33,34,30,32,33,32,34,30,36,30,30,33,39,29,32,34,30,35,31,30,35,33,34,30,33,34,32,31,28,34,33,30,27,31,31,31,35,34,31,30,32,36,33,30,34,32,30,35,30,31,30,30,39,31,31,32,30,33,32,31,33,33,34,31,30,36,33,28,30,35,30,32,31,31,35,34,39,33,33,37,33,29,31,32,34,29
36,37,33,34,33,34,32,32,31,32,40,36,32,35,34,37,32,33,34,33,35,31,37,31,32,34,40,30,33,35,31,38,32,31,36,34,35,31,34,35,33,32,29,35,34,33,28,32,32,33,36,35,32,31,33,37,34,31,35,33,31,36,31,33,31,31,40,32,32,34,31,34,33,33,34,35,35,33,31,38,34,29,31,37,31,33,32,32,36,35,40,34,34,39,34,31,32,33,35,30
37,39,36,35,34,35,34,33,33,34,41,37,33,36,35,38,33,34,35,34,36,33,38,32,33,35,43,32,36,36,32,39,33,32,37,35,36,32,35,36,34,33,30,36,36,35,29,33,33,34,37,36,34,32,34,38,35,32,38,34,32,37,32,34,32,32,41,33,33,35,33,36,34,34,35,37,36,35,32,39,35,30,32,38,32,34,33,34,38,36,41,35,35,40,35,34,33,34,36,31
38,40,37,36,35,36,36,34,34,35,42,38,34,37,36,40,34,35,36,35,39,34,39,33,34,36,44,35,38,38,34,40,34,33,38,36,37,33,36,38,35,34,31,37,37,36,30,35,34,35,38,37,35,33,35,39,36,33,39,35,33,38,34,36,33,33,43,35,35,36,34,37,36,35,36,38,38,37,33,40,36,31,33,39,33,36,34,35,39,37,42,36,36,41,36,35,34,35,37,32
39,41,38,37,36,40,37,35,35,37,43,39,35,39,37,41,35,36,37,36,40,36,40,34,36,38,45,36,39,40,35,42,35,34,40,38,38,35,37,39,36,35,32,38,38,38,31,36,35,37,39,38,37,34,38,40,37,35,40,37,34,39,35,37,34,36,44,36,37,37,35,38,38,36,37,39,39,38,34,41,37,32,34,40,34,37,35,36,41,38,43,37,37,42,37,36,35,37,38,33
40,42,39,38,37,41,39,36,36,38,44,40,37,41,40,44,36,38,38,37,42,37,41,36,39,39,46,37,40,41,36,43,36,35,42,40,39,36,39,40,37,36,33,39,39,39,32,37,37,38,41,39,38,35,40,42,38,36,41,39,35,40,38,38,36,38,45,37,38,38,36,40,40,37,40,40,41,40,35,42,39,33,35,41,37,38,36,38,42,39,44,38,39,43,39,37,36,38,39,35
41,45,40,39,39,42,40,37,37,41,46,42,38,42,41,45,37,40,41,38,43,38,42,37,41,40,47,38,41,42,38,44,38,36,43,41,40,39,40,41,38,38,36,40,40,43,33,38,40,40,42,40,40,36,42,43,39,37,43,40,36,42,39,39,37,39,46,38,39,39,38,41,41,38,41,41,44,42,37,44,40,36,36,42,38,39,38,39,43,40,45,39,40,44,40,38,37,39,40,36
42,46,41,40,40,43,41,38,39,42,47,43,39,43,42,46,38,41,43,39,44,39,43,38,42,41,48,39,42,43,39,46,39,38,44,42,41,40,41,42,40,39,38,41,41,45,34,39,41,41,43,42,41,37,44,45,40,38,44,41,37,44,40,40,38,40,47,39,41,40,39,42,42,39,42,43,45,43,38,45,41,37,37,43,39,40,39,40,44,41,47,40,43,45,42,39,38,43,41,37
43,47,44,41,41,44,42,39,40,43,48,47,40,44,44,48,39,42,44,40,45,40,44,39,43,43,49,40,44,44,41,47,40,39,45,43,42,41,42,45,42,40,39,43,44,47,35,41,42,42,46,43,42,38,45,46,41,39,45,42,38,46,41,42,39,41,48,40,42,41,40,43,43,40,43,45,48,44,39,46,43,39,38,45,41,43,40,41,45,42,48,41,44,46,43,40,39,44,42,38
44,49,46,42,42,46,43,40,42,44,49,48,41,45,45,49,40,43,46,41,47,41,45,40,44,44,50,41,45,46,42,48,42,40,46,45,44,42,44,46,45,41,40,45,45,48,37,42,44,44,48,44,43,39,46,48,42,40,46,43,39,48,42,43,41,42,49,43,43,42,41,46,47,42,44,46,49,45,40,47,44,40,39,46,42,45,41,42,46,43,49,42,45,47,44,41,40,45,43,39
45,50,48,44,43,48,45,41,43,45,50,50,42,46,46,50,41,44,48,42,49,42,46,41,45,45,51,42,46,48,43,49,44,41,47,47,45,43,45,47,46,42,41,46,46,49,38,43,45,45,49,45,44,40,47,50,43,41,48,45,40,49,44,44,43,43,51,46,44,44,43,47,48,44,45,47,51,46,41,48,45,43,40,47,43,46,42,45,47,44,50,43,46,49,45,43,41,46,44,40
47,51,49,45,44,49,46,42,44,46,53,51,43,47,47,51,42,45,50,43,51,43,47,42,47,47,52,44,47,49,44,50,45,42,48,48,46,44,48,48,48,43,42,47,47,50,39,44,47,46,50,47,45,41,48,51,44,42,50,46,41,50,45,45,45,44,52,47,45,45,44,48,51,45,46,48,52,47,44,49,46,44,41,48,44,47,43,46,49,45,51,44,48,52,46,44,42,47,45,41
48,52,50,46,45,50,47,43,46,47,54,52,44,48,48,52,43,46,51,44,52,44,48,43,48,49,53,45,48,51,45,52,46,46,49,49,47,45,49,49,49,44,44,48,49,51,42,45,48,48,51,48,49,42,50,52,45,43,51,47,42,51,46,47,46,45,53,48,46,46,45,49,52,46,47,50,53,48,45,50,47,45,42,49,46,48,44,47,50,46,52,45,49,53,47,45,43,48,46,42
49,53,52,47,46,51,49,44,47,48,55,53,45,49,49,53,44,47,53,46,54,46,49,44,49,50,54,48,50,52,47,53,49,48,50,50,48,46,50,50,50,45,45,49,51,52,44,47,49,49,52,49,50,43,51,54,46,44,52,48,43,52,48,48,47,47,54,49,47,47,47,50,53,47,48,51,56,49,46,51,48,47,43,51,47,49,46,48,52,47,53,48,50,54,48,46,45,49,47,43
50,54,53,48,47,52,50,45,48,50,56,54,46,50,51,54,45,48,54,47,55,47,50,45,50,51,55,49,51,53,48,54,50,49,51,51,49,47,51,52,51,46,47,50,52,53,45,48,50,50,53,50,51,46,52,55,47,46,53,50,45,53,50,49,48,48,55,50,48,48,48,51,54,48,49,52,57,50,47,52,50,49,45,52,48,50,48,49,54,48,54,49,51,55,49,47,46,50,48,44
51,55,54,49,48,53,51,46,50,51,57,56,47,52,52,56,46,50,55,48,56,48,53,46,51,52,56,51,52,54,50,55,53,50,52,53,50,48,52,53,52,47,48,51,54,56,46,49,53,51,54,52,52,47,53,57,48,47,56,52,46,54,51,51,49,49,57,51,50,49,49,53,55,49,50,53,58,51,48,53,51,50,46,53,49,52,49,50,56,49,55,50,52,56,50,48,47,51,50,45
53,56,57,51,49,55,52,48,52,52,58,57,48,53,54,57,47,51,56,49,57,49,55,47,52,53,57,52,53,55,51,56,54,51,54,54,51,49,53,54,53,48,50,52,55,57,47,50,54,52,57,55,53,48,54,58,49,49,58,53,47,55,52,52,50,50,58,53,51,50,50,54,56,50,53,54,59,52,49,54,52,51,48,54,50,53,50,51,58,50,56,52,53,57,51,49,48,53,51,47
54,57,58,53,50,59,55,49,53,53,60,58,49,54,55,59,48,52,57,50,59,50,56,49,53,54,58,53,55,56,52,58,55,52,56,55,52,50,55,55,54,49,51,53,56,58,48,51,55,54,58,57,54,49,56,59,51,50,59,54,48,56,53,53,51,52,59,54,53,51,51,55,57,51,54,56,60,53,51,55,53,52,50,55,51,54,51,52,59,51,57,53,54,58,52,50,49,57,52,49
56,58,59,54,51,60,56,51,54,56,61,59,50,55,56,60,49,53,58,51,60,51,57,50,55,58,59,54,56,58,55,59,56,53,57,57,53,51,56,56,55,51,52,54,57,59,50,52,56,55,59,58,55,50,58,60,52,51,60,55,49,57,54,54,54,54,60,55,54,52,52,56,58,52,55,57,61,55,52,56,54,53,51,57,52,56,52,53,60,52,58,54,55,59,53,51,50,58,54,51
57,60,60,55,52,61,58,52,55,57,62,60,51,56,59,62,50,54,59,52,62,52,58,53,56,59,60,55,57,59,56,60,57,54,58,58,54,52,57,57,56,52,53,55,58,61,52,53,57,56,60,59,58,51,59,61,53,52,61,57,50,61,55,55,56,55,61,56,55,53,53,59,59,54,56,58,62,56,53,57,55,54,52,59,54,57,53,55,61,53,59,55,57,60,54,53,51,60,55,52
58,62,61,57,54,62,59,53,56,58,63,61,52,57,60,63,51,55,62,53,63,53,59,54,57,60,61,56,58,60,58,61,58,55,59,60,55,53,58,58,59,53,54,56,59,62,53,55,58,57,61,60,59,52,60,62,54,53,62,58,51,62,56,56,57,56,62,57,56,54,54,60,60,55,57,60,63,57,55,58,56,55,53,60,55,58,54,56,62,54,60,56,58,62,56,54,52,62,57,53
59,63,62,58,57,63,62,55,58,60,65,62,54,58,62,64,52,56,65,55,65,56,60,55,58,61,62,57,59,61,60,62,60,56,61,61,57,54,59,60,60,54,55,57,60,63,55,58,60,58,62,61,60,54,61,64,55,54,63,59,53,63,59,58,58,57,63,58,58,55,55,61,61,56,58,61,64,58,56,59,58,56,54,61,56,59,55,58,63,56,64,57,59,63,57,56,54,63,58,54
60,64,64,59,58,64,63,56,59,61,66,63,55,59,64,65,54,57,66,56,67,58,61,57,59,62,63,58,60,63,61,63,61,57,63,62,58,56,60,61,61,55,56,58,61,65,58,59,61,60,63,63,61,55,62,65,56,55,64,60,55,65,60,59,59,58,64,59,59,56,56,62,62,57,59,62,65,61,57,60,59,57,55,62,57,60,57,59,66,57,65,58,60,65,58,58,56,64,59,56
61,65,65,60,59,65,64,57,60,62,68,64,56,60,67,66,57,58,67,57,68,62,63,58,60,63,64,59,61,64,62,64,62,58,65,63,59,57,61,62,62,57,57,59,62,66,59,60,62,63,65,64,62,56,64,66,57,56,65,61,56,66,61,60,60,59,65,60,60,57,57,63,63,58,60,63,67,62,60,61,61,58,56,63,58,61,58,60,67,58,66,59,61,66,59,59,57,65,60,57
63,66,66,61,60,66,65,59,61,63,69,65,58,61,69,67,58,59,68,58,69,64,64,59,61,64,65,60,63,65,63,65,63,59,66,64,61,59,62,63,63,58,58,61,63,67,60,63,63,64,66,65,63,57,65,68,58,57,66,62,57,67,62,61,62,60,66,61,61,58,59,64,65,59,63,64,68,63,61,62,62,59,57,64,59,62,60,62,68,60,67,62,62,67,60,60,58,66,61,58
64,67,68,63,61,68,66,60,62,64,70,68,59,62,70,68,59,60,69,59,71,66,66,60,62,65,66,61,64,66,64,66,64,60,67,65,63,61,63,64,64,59,59,62,64,68,61,64,64,65,68,66,64,58,66,70,59,59,67,63,58,69,63,62,63,61,67,63,62,59,60,65,66,60,64,65,69,64,62,64,63,61,58,65,60,63,62,63,69,61,69,63,63,68,61,61,59,67,64,59
66,68,70,64,62,69,67,61,63,65,71,69,60,63,71,69,62,61,70,60,72,67,67,61,64,66,67,62,65,67,65,67,66,61,68,67,64,62,64,65,66,60,62,63,65,69,62,65,67,66,69,68,66,59,67,71,60,60,68,64,59,70,64,63,64,63,70,64,64,60,61,66,67,61,65,66,70,66,63,65,65,62,59,66,61,64,63,64,70,62,70,67,64,69,62,62,60,68,65,60
67,72,71,67,63,71,68,62,64,67,72,70,61,65,72,70,63,63,71,61,73,68,68,62,65,67,71,63,66,68,67,68,67,63,69,68,65,63,65,66,67,62,63,64,67,70,64,66,68,67,73,70,67,64,69,72,61,61,69,67,62,71,65,64,65,64,71,65,65,61,62,67,68,62,66,69,71,67,64,66,66,63,60,67,62,65,64,65,71,63,71,69,65,70,63,63,61,69,66,62
68,73,72,69,64,72,69,63,65,68,73,71,63,66,73,71,64,64,73,62,74,69,69,63,66,69,72,66,67,69,68,70,68,64,70,69,66,65,66,67,68,63,64,65,68,71,65,68,69,68,74,71,68,65,70,73,62,62,70,68,63,72,66,65,66,65,72,66,66,62,63,68,69,64,67,70,73,68,65,67,67,64,61,68,63,67,65,66,72,64,72,70,66,72,64,64,62,70,67,64
69,74,73,71,65,73,70,66,66,71,74,72,64,67,74,73,65,65,74,64,75,70,70,65,68,72,75,67,69,70,69,71,69,65,71,70,67,66,67,69,70,64,65,67,69,72,66,69,70,70,76,73,69,68,71,74,64,63,72,69,64,73,67,68,67,66,73,67,67,63,64,69,70,66,69,71,74,70,66,68,68,65,62,70,65,68,66,67,73,66,73,71,67,73,65,65,63,71,68,65
70,75,74,72,66,74,71,67,67,72,75,73,65,68,75,74,66,66,75,67,77,71,71,66,70,73,77,68,70,71,70,72,70,66,74,72,68,67,68,70,71,65,66,68,70,73,67,70,71,71,77,74,70,70,72,75,67,64,73,70,65,74,68,71,69,67,74,69,69,64,66,71,71,67,70,72,75,72,67,69,69,67,63,71,66,70,68,68,74,67,74,72,68,74,66,67,65,72,69,66
72,76,75,73,69,75,72,68,69,73,77,74,67,70,77,75,67,69,76,69,79,72,72,67,71,74,79,69,71,72,71,73,71,68,75,73,69,68,70,72,72,66,67,70,71,74,68,71,74,73,78,75,71,71,73,76,68,65,74,72,68,75,69,72,71,68,75,70,70,66,67,73,72,68,71,73,76,73,68,70,70,68,64,72,67,71,71,69,75,68,75,73,69,75,67,68,67,73,70,68
74,77,76,74,70,76,73,69,70,74,78,75,68,71,78,76,68,70,78,70,80,74,73,68,72,75,80,71,72,73,73,74,72,69,76,74,70,69,72,73,73,67,68,71,72,75,69,73,75,74,79,76,72,72,74,77,69,66,75,73,69,76,70,73,72,69,76,72,71,67,68,74,73,69,72,74,77,74,70,71,72,69,65,73,68,73,72,70,76,69,77,74,70,76,68,69,68,74,71,69
75,78,77,75,71,77,74,70,71,75,79,76,69,72,80,77,70,71,79,71,81,76,74,69,73,77,81,72,73,74,74,75,73,70,77,76,71,71,73,74,74,68,69,72,74,76,70,74,76,75,80,78,73,73,75,78,72,67,78,74,70,77,72,74,73,71,77,73,72,68,69,75,74,70,74,75,78,75,72,72,73,71,67,74,69,74,73,72,77,70,78,75,71,77,69,70,71,75,72,70
76,80,78,76,72,78,78,72,72,76,80,77,71,74,81,78,71,72,80,72,82,77,75,70,74,78,83,73,76,75,75,77,74,71,78,77,73,73,74,75,75,70,70,73,75,77,71,75,77,76,81,79,74,76,76,80,73,68,79,75,71,78,73,77,74,73,78,74,75,69,70,76,75,71,75,76,80,76,75,74,74,72,68,75,70,75,74,73,78,71,79,76,74,78,71,71,72,76,75,71
77,81,79,77,73,80,80,73,73,77,84,78,72,76,82,79,72,74,81,73,83,78,76,71,75,79,84,74,77,77,76,78,75,72,79,78,74,74,75,76,76,71,74,75,76,78,72,77,78,78,83,80,75,77,77,81,74,69,80,77,72,79,74,79,75,75,79,75,76,70,72,79,77,72,76,77,81,77,76,77,75,73,70,76,71,76,75,74,79,73,80,77,75,79,73,72,73,77,77,72
78,82,81,79,74,81,81,74,74,78,85,79,73,77,83,80,73,75,82,74,84,79,77,73,78,81,85,75,78,79,78,79,77,74,80,79,76,75,76,77,78,72,79,76,77,79,74,78,79,79,84,81,76,80,78,82,75,70,81,78,73,80,75,80,76,77,81,76,77,71,73,80,78,75,77,78,82,78,77,79,76,74,71,77,72,77,77,77,80,74,82,78,76,80,74,73,74,78,78,74
80,83,82,83,75,82,83,76,75,81,87,80,75,78,84,81,74,76,83,75,85,80,78,74,79,82,86,77,80,80,79,80,78,75,82,80,78,78,77,78,79,75,80,77,79,80,75,79,80,80,86,82,77,81,80,83,76,71,82,80,75,81,76,81,77,78,82,77,78,73,74,81,81,76,78,79,83,79,78,80,77,75,72,78,73,78,78,78,81,75,83,79,77,81,75,74,78,79,79,75
81,85,83,84,76,83,84,77,76,82,88,81,76,79,85,82,75,77,84,76,86,81,79,75,80,83,87,79,82,81,80,83,80,76,83,81,79,79,79,79,81,77,82,78,82,81,76,80,81,81,90,83,79,82,81,84,77,72,83,82,76,83,77,82,78,79,83,78,79,76,75,82,83,77,79,80,84,80,79,81,79,76,73,79,75,79,79,81,82,76,84,80,78,82,76,75,80,80,81,76
82,86,84,85,77,84,85,78,77,84,89,82,77,80,86,83,77,78,85,77,87,82,80,76,81,84,88,80,83,82,82,84,81,77,85,82,80,80,80,80,83,78,83,79,83,82,77,81,82,84,91,84,80,84,82,85,78,73,84,83,77,84,78,83,79,80,84,80,80,77,76,83,84,79,80,81,85,82,80,83,80,77,74,80,76,80,80,82,83,77,86,81,79,83,77,76,81,81,82,77
84,87,85,87,78,85,86,80,78,85,91,83,79,81,87,84,78,79,87,78,89,83,81,77,82,85,90,82,84,83,83,85,82,79,86,83,81,81,81,81,84,79,84,80,84,83,78,82,83,85,92,85,81,86,83,86,79,74,86,84,78,85,79,84,80,81,85,81,81,78,77,84,85,80,81,82,86,83,82,84,81,81,75,81,79,81,81,83,84,78,87,84,80,84,79,77,82,82,84,80
85,88,86,88,79,86,87,81,79,87,92,84,80,82,89,85,79,80,88,79,90,85,82,78,83,86,91,83,85,84,84,86,83,80,87,85,82,83,82,82,85,80,85,81,85,84,79,83,85,86,93,86,82,87,84,87,80,75,88,85,79,86,80,85,82,83,87,82,82,79,78,85,86,81,82,83,87,84,83,85,82,83,76,82,80,82,82,84,86,79,88,85,81,86,81,78,83,83,85,81
86,89,87,89,80,87,88,82,81,88,93,85,81,83,90,86,80,81,89,81,91,86,83,79,85,87,92,84,86,85,85,87,85,81,88,87,83,85,85,84,86,81,86,84,86,85,81,84,86,87,94,87,83,88,85,88,81,76,91,86,80,87,81,86,83,84,88,83,83,80,79,86,87,82,83,84,88,85,84,86,83,84,77,84,81,84,84,85,87,81,95,86,83,87,82,79,84,84,86,82
89,92,88,90,82,89,90,83,83,89,94,86,82,84,91,87,82,87,90,82,92,87,85,80,86,89,93,85,88,86,86,88,86,83,89,88,84,86,86,86,87,82,87,87,89,86,82,85,87,88,95,88,85,89,86,89,82,78,92,88,81,92,82,87,84,85,89,84,85,81,80,87,88,83,84,86,89,86,85,87,84,85,78,85,83,85,85,87,88,82,96,87,84,90,85,80,86,85,88,83
90,93,89,91,85,90,92,84,84,91,95,87,83,85,93,88,83,88,91,84,93,89,86,81,87,90,94,86,89,90,87,89,87,84,90,89,85,87,87,87,88,83,88,88,91,87,83,86,88,89,96,89,86,90,87,90,84,79,94,89,82,93,83,88,85,86,90,85,86,82,82,88,89,84,86,87,90,87,86,88,85,86,79,86,84,86,86,88,89,84,97,88,85,91,86,81,87,86,91,84
91,95,90,92,86,91,93,85,85,92,96,88,84,86,94,89,85,89,92,85,94,90,89,82,88,91,95,87,90,91,88,90,89,85,91,90,86,88,89,88,89,84,89,89,92,89,84,87,90,90,99,91,87,91,89,91,86,80,95,90,83,94,84,89,87,87,91,86,87,83,83,90,90,85,87,88,92,88,87,89,86,87,80,87,85,87,87,89,90,85,99,89,86,92,87,83,88,87,92,86
92,96,92,93,87,92,95,86,86,95,97,89,85,87,95,90,86,90,93,86,95,91,90,83,89,93,96,88,92,93,90,91,91,86,92,91,88,89,90,89,90,85,90,90,94,90,85,88,91,92,100,92,88,93,90,92,87,81,96,91,84,95,85,91,88,88,93,87,89,84,85,91,91,87,88,90,93,90,89,91,87,88,81,88,86,88,88,90,91,88,100,90,87,93,89,84,89,88,93,87
94,97,94,94,88,93,97,87,88,96,98,90,87,88,96,91,87,91,94,87,97,92,92,84,90,94,97,89,95,94,92,92,92,87,93,92,89,90,92,91,91,86,91,91,95,91,86,91,93,93,101,93,89,95,91,94,88,82,97,92,86,96,86,93,90,89,95,88,90,85,86,92,92,88,89,92,94,92,90,92,88,89,82,89,87,89,89,92,92,89,102,91,88,94,91,85,91,89,94,88
95,98,95,96,91,94,98,88,89,97,100,91,88,90,98,92,90,92,95,88,99,94,93,85,91,95,98,90,97,95,93,93,93,88,96,93,90,91,94,92,92,87,92,92,96,92,87,94,95,94,102,94,90,96,92,95,89,83,98,93,87,97,87,94,91,90,98,89,93,86,87,93,93,89,90,93,95,93,93,94,89,90,83,90,88,90,91,93,93,90,104,93,90,95,92,86,92,90,95,89
96,99,96,97,93,95,99,90,92,98,102,92,89,91,99,94,91,93,98,89,100,95,94,88,92,96,99,91,99,96,94,94,94,89,98,94,91,92,96,93,93,88,94,93,97,93,88,95,96,95,103,95,91,97,94,96,90,86,100,94,88,98,88,95,92,91,99,90,95,87,88,95,94,90,91,94,96,94,94,95,90,91,85,92,89,91,92,94,94,91,108,94,91,96,93,87,93,91,97,91
97,101,97,98,94,97,100,91,93,100,103,93,90,92,100,95,93,95,99,90,101,96,95,90,93,98,100,93,100,97,95,96,95,90,99,95,92,93,97,94,94,89,95,95,100,94,89,96,97,96,104,96,92,99,95,97,92,87,101,95,90,99,91,96,93,93,100,91,97,88,89,98,95,91,93,96,97,96,95,96,91,92,86,95,90,92,93,95,96,92,109,95,92,97,94,88,94,94,99,92
98,102,98,100,95,98,101,92,94,101,105,95,91,93,102,96,94,96,100,91,102,97,96,91,94,99,101,94,102,98,96,97,97,91,100,96,94,94,99,96,95,90,96,96,101,96,91,97,98,97,107,97,93,100,96,98,93,88,102,96,91,102,92,97,97,94,101,92,98,89,91,99,97,92,94,97,98,98,96,97,92,94,87,96,91,94,94,96,97,93,110,96,93,98,95,89,95,96,100,93
101,103,99,101,96,99,102,93,95,102,106,96,92,94,103,97,95,97,101,92,103,98,97,92,97,100,103,95,104,99,97,98,100,92,101,97,95,96,100,97,96,91,97,97,102,97,92,100,99,99,109,98,95,104,97,99,94,91,106,97,93,106,93,98,98,95,103,93,100,91,92,100,100,93,95,98,99,99,97,98,93,95,89,97,93,95,95,97,98,94,111,97,96,99,96,90,96,97,101,94
102,104,100,102,97,100,104,94,96,103,107,97,93,95,104,98,96,98,102,93,104,99,98,93,98,101,104,96,105,100,98,99,101,93,102,98,98,98,103,98,98,95,98,98,103,98,93,102,100,100,110,99,96,105,100,100,95,93,108,99,95,108,96,100,100,96,104,95,101,92,93,101,101,95,96,100,100,100,98,99,94,96,90,98,94,96,96,98,99,95,112,98,98,100,97,91,97,100,102,95
103,106,101,104,98,101,105,95,98,105,108,98,95,96,105,102,98,100,103,95,105,101,99,94,99,102,105,97,106,101,99,100,102,94,103,99,99,99,104,99,99,97,99,99,104,100,94,103,101,102,111,101,98,106,101,101,96,94,109,100,96,110,98,101,101,97,105,96,102,93,94,102,102,97,97,102,101,101,100,100,95,97,91,99,95,97,97,99,100,96,113,99,99,102,98,92,98,101,103,97
105,107,102,105,101,102,106,96,99,106,109,99,97,98,106,103,99,101,106,96,106,102,100,95,100,103,106,98,107,103,100,101,103,95,104,100,100,100,105,100,101,98,100,100,105,101,95,104,102,103,112,102,99,109,102,102,97,95,110,101,97,111,100,103,102,99,107,97,103,94,95,104,103,98,98,103,102,102,101,101,96,99,93,101,96,98,98,100,101,97,114,100,100,103,99,93,99,102,104,98
106,109,104,106,102,103,107,98,100,107,110,100,98,99,107,105,100,102,107,97,107,104,101,96,101,105,107,99,108,104,101,102,104,96,105,102,102,101,107,101,102,100,101,101,106,103,96,105,103,104,113,105,100,110,103,103,98,96,111,102,98,113,101,104,103,100,108,98,104,96,96,105,104,99,99,104,103,103,102,102,98,100,94,102,97,99,100,101,102,98,116,101,101,104,100,94,100,103,105,99
107,110,105,107,103,104,108,99,101,108,111,102,99,100,108,107,101,103,108,98,108,105,102,97,102,106,108,100,109,105,102,103,105,99,106,103,104,106,108,102,103,101,102,102,107,104,97,106,104,105,114,106,101,111,105,104,99,97,112,104,99,115,102,105,104,101,109,101,105,100,97,106,105,103,100,106,104,104,103,103,99,101,95,103,98,100,101,103,104,100,118,102,102,105,101,95,101,105,106,100
108,112,106,108,104,106,109,100,102,109,113,103,100,101,109,108,102,104,109,99,109,106,104,98,103,107,109,102,110,106,103,104,106,100,107,104,105,108,109,103,104,102,103,103,108,105,98,107,107,106,115,109,103,112,106,105,100,98,113,105,100,116,103,106,105,102,110,103,106,101,98,107,106,104,101,107,105,106,104,104,101,102,96,104,99,101,102,105,106,101,119,103,103,106,102,97,104,107,107,101
109,113,107,109,105,107,110,101,103,110,114,104,101,102,110,109,104,105,110,101,110,108,105,99,104,108,110,103,111,107,104,106,107,101,108,105,106,109,110,104,106,104,104,104,109,106,100,108,108,107,116,110,104,114,108,107,101,99,114,106,102,117,107,108,106,104,111,104,107,103,99,108,107,105,102,108,106,109,105,105,102,103,98,107,101,102,104,106,107,103,120,104,104,107,103,99,105,109,109,102
110,114,110,113,106,108,112,102,104,111,115,105,103,104,111,111,105,106,111,102,111,109,107,100,105,109,111,104,112,110,105,107,108,102,109,106,107,110,111,106,107,105,106,105,110,107,102,109,109,109,117,112,105,116,110,108,102,100,115,107,103,118,108,109,107,105,112,105,108,104,100,110,108,106,103,109,107,110,106,106,103,104,99,108,102,103,105,107,108,105,121,107,106,108,104,100,107,110,110,104
111,115,111,115,107,110,113,105,105,112,116,106,105,105,112,112,106,108,112,103,112,110,108,101,107,110,112,105,113,111,106,108,109,103,111,107,108,111,114,107,110,106,107,106,112,108,104,110,110,110,118,113,106,118,111,109,103,102,116,110,104,119,109,111,108,106,114,106,109,105,101,111,109,107,104,110,108,111,107,107,104,105,101,110,103,105,106,108,109,107,122,108,107,109,105,103,108,111,111,105
112,116,112,116,108,111,115,107,106,113,117,107,106,107,113,113,108,109,113,104,114,111,109,102,108,111,113,106,114,112,107,109,111,104,112,108,109,112,115,108,111,107,108,107,113,110,105,111,111,111,119,114,107,120,112,110,104,103,117,111,105,121,110,112,109,109,115,107,111,107,102,112,111,108,105,111,109,112,110,108,105,106,102,111,104,106,107,109,110,108,123,109,108,110,106,105,109,112,112,107
114,117,113,117,110,112,116,108,107,114,118,108,108,108,115,114,109,110,114,105,115,113,111,103,109,113,114,107,115,113,108,110,112,106,114,109,112,113,116,109,114,108,109,108,114,112,106,112,112,112,120,115,108,125,113,111,107,104,118,112,106,122,111,113,110,110,117,108,112,108,104,114,112,109,106,112,110,113,111,109,106,108,103,112,105,108,108,110,111,109,124,110,110,114,107,107,110,113,113,108
115,118,114,118,111,113,117,109,108,115,119,109,109,109,117,115,110,111,116,106,116,114,113,104,110,114,116,108,118,114,109,111,113,107,115,110,114,114,117,111,115,109,110,109,115,114,108,113,113,113,123,117,109,126,114,112,108,105,119,113,108,123,112,114,111,111,118,109,113,109,106,115,114,110,107,113,111,114,112,111,107,109,104,115,106,109,109,111,112,110,125,111,112,115,108,108,111,114,116,109
116,119,115,119,112,114,119,112,109,118,120,110,112,110,118,116,111,112,117,107,117,115,114,105,112,115,118,109,119,115,110,112,115,108,116,111,115,115,118,113,118,112,111,110,116,115,109,114,114,114,124,118,110,127,115,113,109,106,120,114,109,124,113,115,112,112,119,110,115,111,107,116,115,112,108,114,112,115,113,112,109,110,106,116,107,110,111,112,113,111,127,112,113,116,109,110,112,115,117,110
117,120,116,120,117,115,120,114,111,119,121,111,114,111,119,117,112,113,118,108,118,116,115,107,113,116,119,110,121,116,111,113,116,110,118,112,116,116,119,114,119,113,112,112,117,116,112,115,115,116,125,120,111,128,116,114,110,109,121,115,110,125,114,116,113,113,120,111,116,114,109,119,116,113,109,115,113,116,114,114,110,112,107,117,108,111,113,113,115,114,128,113,114,117,110,111,114,116,118,111
118,121,117,121,118,116,121,115,112,121,122,112,115,112,120,118,113,114,120,109,121,117,116,109,114,117,121,112,123,117,112,114,117,111,119,114,119,118,120,115,121,114,114,113,118,118,114,116,116,117,126,121,112,129,117,115,112,111,122,117,111,126,115,118,114,114,123,114,117,115,110,120,117,114,110,116,114,117,115,116,112,113,108,118,109,112,114,114,116,115,129,116,115,118,111,112,116,118,121,112
119,122,118,123,119,117,122,116,113,122,123,113,116,113,121,122,114,115,121,110,122,119,117,110,116,119,122,113,124,118,113,115,118,112,120,116,120,119,121,116,122,115,115,115,119,119,116,117,117,118,128,122,113,130,118,116,113,112,123,119,112,127,117,119,115,115,125,115,118,117,113,122,118,116,114,117,115,118,116,117,113,114,109,119,110,113,115,115,117,116,130,118,116,119,112,113,117,119,123,114
120,123,119,124,122,118,124,117,117,123,125,114,119,114,123,123,115,116,122,111,123,120,118,112,117,120,123,115,125,119,114,116,119,113,121,117,124,120,124,117,123,117,117,116,120,122,117,118,118,119,129,123,114,131,119,117,114,114,124,120,113,128,118,120,116,116,126,116,119,119,115,123,119,117,115,118,117,119,117,118,114,115,111,120,112,114,116,116,118,118,131,119,118,120,113,114,118,121,125,115
121,124,120,125,123,119,125,119,118,124,126,115,121,117,124,124,116,117,123,112,124,121,119,113,118,121,124,116,126,121,115,117,120,114,122,118,125,121,125,118,124,118,118,119,121,123,118,120,121,120,130,125,115,134,120,118,115,116,126,121,115,130,119,121,117,117,127,117,120,120,116,124,120,118,116,119,118,120,119,119,115,116,112,121,113,115,117,118,119,120,132,120,119,121,114,115,119,123,126,116
122,125,121,126,124,120,126,120,120,125,127,116,122,118,125,126,117,118,124,114,125,122,120,114,119,122,125,117,127,122,116,118,122,116,123,119,126,122,126,120,125,119,119,122,122,125,119,121,122,121,131,126,116,135,121,119,116,117,127,122,116,131,120,122,118,118,130,118,121,121,117,125,121,119,117,120,119,122,120,121,116,117,113,122,114,116,118,121,120,121,133,122,120,123,116,116,120,124,127,117
123,126,122,127,125,121,127,121,122,129,128,117,123,119,126,127,118,119,125,116,126,123,121,116,120,124,127,118,128,123,117,119,123,117,124,120,128,123,127,121,126,120,120,123,123,127,120,122,123,122,132,127,117,136,122,120,118,118,128,124,118,132,121,123,120,120,131,119,122,124,118,126,122,120,118,121,120,123,122,122,117,119,114,123,116,118,119,122,121,122,134,123,121,125,117,117,121,125,128,119
124,127,124,129,126,123,128,123,123,130,129,118,124,120,127,128,119,120,127,117,127,124,122,117,121,125,128,119,129,124,118,120,124,118,125,121,129,125,129,122,127,121,121,124,124,128,121,123,124,123,133,128,119,137,123,123,119,120,129,125,120,133,122,124,121,122,132,120,123,125,120,127,123,121,119,122,122,124,123,123,118,120,116,124,118,119,121,124,122,123,135,124,123,126,118,118,122,126,129,120
125,128,125,130,127,124,129,124,124,132,130,119,125,123,128,129,121,121,128,118,128,126,123,119,122,126,129,120,130,125,120,121,125,119,126,124,130,126,130,123,129,122,123,125,125,130,122,124,126,124,135,129,120,138,124,124,120,122,130,126,121,134,124,125,122,124,133,121,124,128,122,128,124,122,120,123,123,125,125,124,119,123,117,125,119,120,124,125,123,124,137,125,124,127,119,119,123,128,130,121
126,129,126,131,128,125,131,125,125,133,131,120,126,124,129,131,122,122,129,119,129,127,124,120,123,127,130,121,132,126,121,122,127,122,127,125,132,127,131,124,131,123,125,127,126,131,123,125,127,125,136,130,122,139,125,125,121,124,131,127,123,135,125,126,123,125,134,122,125,129,126,129,125,123,121,124,125,126,126,125,120,124,119,126,120,121,125,126,124,125,138,126,125,128,121,120,124,129,131,122
127,130,127,133,129,128,132,126,126,134,132,122,127,125,130,133,123,123,130,120,131,128,125,121,124,128,131,122,133,128,122,123,128,123,128,127,133,128,132,126,132,125,126,128,127,132,124,126,128,127,137,131,124,140,127,126,122,126,135,128,124,136,126,127,124,128,135,123,127,130,128,130,127,124,122,125,126,127,127,126,121,125,120,128,121,122,126,127,125,126,139,127,127,129,122,122,126,130,132,123
128,131,128,134,130,129,133,127,127,135,133,123,128,126,131,135,124,124,131,121,132,129,126,122,125,129,132,123,134,129,123,124,130,124,129,129,134,129,133,127,133,126,128,129,129,133,125,130,129,128,138,132,125,141,128,128,124,127,136,129,125,137,127,128,125,129,136,124,129,131,130,131,128,125,123,126,127,128,128,127,122,126,121,129,122,126,127,128,126,127,140,129,128,130,123,123,128,131,133,125
129,132,129,136,131,130,134,128,129,136,134,124,131,127,132,136,125,125,132,122,133,130,127,123,128,130,133,124,135,130,124,126,132,125,130,130,136,130,134,128,134,127,131,130,130,135,126,131,130,130,140,133,126,143,129,129,125,129,137,130,126,138,128,129,127,130,137,125,130,133,132,133,131,126,124,127,128,130,129,128,123,127,122,130,123,128,128,130,128,128,142,130,129,131,124,124,129,133,134,126
130,134,131,137,132,131,135,129,130,137,135,125,132,128,133,138,126,128,134,123,134,131,128,124,129,131,134,125,136,131,125,127,134,126,131,132,137,131,135,129,137,128,132,131,131,136,128,134,132,131,141,134,127,144,130,130,126,130,138,131,127,139,129,130,128,131,138,126,132,135,133,134,132,128,125,128,129,131,130,129,124,130,123,133,124,129,129,131,129,129,143,131,130,132,125,125,130,135,135,127
133,135,132,138,134,132,137,130,131,139,136,126,133,129,134,139,127,129,135,124,136,132,129,125,130,132,135,126,138,132,127,128,135,127,132,133,138,132,136,131,138,129,133,132,133,138,129,135,134,132,142,135,128,145,132,131,127,131,139,132,128,140,130,131,129,132,139,127,133,139,134,135,133,130,126,129,130,132,131,130,125,131,124,134,125,130,131,132,130,130,144,132,132,133,126,126,131,136,136,128
134,136,133,139,135,133,138,132,132,140,139,127,134,130,136,140,128,130,136,125,137,133,130,126,131,133,136,127,139,134,128,130,136,128,133,134,139,133,138,132,139,130,134,133,135,139,130,137,135,133,143,136,129,146,133,132,128,132,140,133,130,141,131,132,130,134,140,128,134,140,135,139,134,131,127,130,131,133,133,131,126,132,125,135,126,131,132,133,131,131,146,134,134,136,128,127,132,137,138,129
135,138,134,140,136,134,139,133,133,141,140,128,135,131,138,141,129,131,137,126,138,135,132,127,132,134,137,128,140,135,129,131,137,130,134,135,140,134,139,133,140,131,135,135,137,140,131,138,137,134,144,138,130,147,134,133,129,134,141,134,131,142,132,133,131,137,141,130,135,141,136,140,135,132,128,131,132,134,134,132,127,133,126,136,127,132,133,134,132,132,147,135,135,137,129,128,133,138,141,131
137,140,135,141,138,135,140,135,136,142,141,129,136,132,140,142,131,132,138,127,139,137,133,128,134,135,138,129,141,136,130,132,138,131,135,136,141,135,141,134,141,132,136,137,138,141,132,139,138,135,145,140,131,148,135,134,134,135,142,135,132,143,133,134,132,138,144,131,136,142,137,141,136,134,129,132,133,135,135,133,132,134,127,138,128,133,134,135,133,133,148,136,137,138,132,130,134,139,142,132
138,141,136,142,139,136,141,136,138,143,142,130,137,133,141,143,132,133,139,128,140,138,134,129,135,136,139,130,142,137,131,133,141,132,136,139,142,136,142,135,143,135,138,139,139,142,134,140,139,136,146,141,132,149,136,136,135,136,145,136,134,144,134,136,133,139,145,132,138,143,138,142,137,135,130,133,134,137,136,134,133,136,129,139,129,134,136,138,134,134,149,138,138,139,133,131,136,140,143,133
139,142,137,143,140,137,142,137,139,144,143,131,138,134,142,144,133,136,140,129,141,139,136,131,136,137,141,131,143,138,132,134,142,136,139,141,144,137,143,136,144,136,140,140,141,143,135,143,140,137,147,143,133,150,137,139,136,137,146,137,135,145,135,139,135,140,146,133,140,145,139,143,138,136,131,135,135,138,137,135,136,137,130,140,130,135,137,139,135,135,150,140,140,140,134,132,137,141,144,134
140,143,138,144,141,138,143,139,142,145,144,132,139,135,146,145,135,138,141,130,142,140,137,132,137,138,142,132,145,139,134,135,143,137,140,142,146,138,145,137,145,137,141,141,142,144,139,145,141,138,148,144,135,151,138,140,137,139,147,140,136,146,136,140,136,141,148,134,141,146,140,145,140,137,132,137,136,140,138,136,139,138,131,142,131,136,138,141,136,137,151,141,141,141,135,134,138,143,145,135
141,145,139,145,142,139,144,141,143,146,145,133,140,138,147,146,136,139,142,132,144,142,138,133,139,139,143,133,146,140,135,137,144,138,141,143,147,139,146,140,147,138,143,142,143,145,140,146,143,139,149,146,136,152,139,141,139,140,149,141,137,148,137,141,137,142,149,135,142,147,141,147,141,138,133,138,137,141,140,137,141,139,132,143,132,137,139,142,137,138,152,142,143,142,136,135,139,144,147,136
142,147,142,146,143,140,145,143,144,147,146,135,141,139,148,147,138,140,143,133,145,143,140,134,140,140,144,134,147,141,136,138,145,139,142,144,148,141,147,142,148,139,144,143,144,146,141,147,144,140,150,147,138,153,140,142,140,141,150,142,138,149,139,142,138,143,151,137,144,149,142,148,143,140,134,140,138,143,141,139,142,140,133,144,133,138,141,143,138,139,153,143,145,145,137,136,140,145,148,138
143,148,143,147,144,141,146,145,146,148,148,136,143,140,149,148,139,142,144,134,147,144,141,135,141,141,145,135,148,142,137,139,146,141,143,146,149,142,150,143,149,141,146,144,145,147,142,148,145,142,151,148,140,154,141,143,141,142,151,144,139,151,140,143,139,144,152,140,146,151,143,149,144,141,135,141,141,144,142,140,143,141,134,145,134,139,142,144,139,140,154,144,146,146,138,138,141,146,149,139
144,149,144,148,145,143,147,146,147,149,149,137,144,141,150,149,140,143,145,135,148,145,143,137,142,143,147,136,149,143,138,140,147,142,144,147,151,145,152,144,150,142,147,145,146,148,143,149,146,144,154,149,141,157,142,144,142,143,152,145,140,152,141,144,140,145,153,141,147,152,144,150,145,142,136,142,142,146,143,143,144,142,135,146,135,141,143,145,140,141,155,145,147,147,139,139,143,148,150,140
145,150,145,149,146,144,149,147,149,150,150,138,145,142,151,150,142,144,147,137,149,146,144,138,143,144,148,137,150,145,139,141,148,143,145,148,152,146,154,145,151,143,148,146,147,149,144,150,147,145,156,150,142,159,144,146,143,144,153,146,141,153,142,145,141,146,154,145,149,153,145,152,146,144,137,143,144,148,144,144,145,143,136,147,136,142,144,146,141,142,156,146,148,148,142,141,144,149,151,142
146,152,148,150,147,145,151,148,150,151,152,140,146,143,152,151,143,146,148,138,150,147,145,140,144,145,149,139,152,147,140,142,149,144,146,149,153,147,155,146,152,145,150,147,149,150,145,151,148,146,157,151,144,160,145,147,144,145,154,147,142,154,143,146,142,147,155,146,150,154,147,153,147,145,138,144,146,150,145,145,146,144,137,148,138,143,145,147,142,143,158,149,149,149,144,144,146,150,152,144
147,153,149,151,148,146,152,149,151,154,153,141,147,144,153,152,144,147,149,139,152,148,147,141,147,146,150,140,153,149,141,143,150,145,147,150,154,148,156,147,153,146,152,148,151,152,146,152,149,148,158,153,146,162,146,148,145,146,155,148,143,155,144,147,143,148,157,147,151,155,148,155,148,147,139,145,147,151,146,146,148,145,138,149,139,144,146,148,143,144,160,150,150,150,145,145,147,151,153,145
150,154,150,152,149,147,153,150,154,155,154,143,148,145,155,153,146,148,151,140,153,150,148,142,148,148,152,141,154,150,142,144,151,146,149,152,156,149,157,148,154,148,153,149,152,153,147,153,150,149,159,154,147,163,147,149,146,147,156,149,145,156,145,148,145,149,158,148,153,156,150,156,149,148,140,146,148,153,148,147,149,146,142,150,140,145,147,149,144,145,161,151,151,151,149,148,148,152,154,147
151,155,151,153,150,150,154,151,155,156,155,144,149,146,156,154,148,150,152,141,154,151,151,143,151,149,153,142,155,151,143,146,152,149,150,153,158,150,159,149,155,149,155,150,154,154,148,154,151,150,160,155,148,164,148,150,147,148,158,151,146,157,146,149,146,150,159,151,155,157,151,157,150,149,141,147,149,155,149,148,150,147,143,151,141,146,148,150,145,146,162,155,152,152,150,150,149,153,155,149
152,156,152,154,152,151,155,152,156,158,156,145,151,147,157,155,149,151,153,143,155,152,152,144,152,151,154,143,156,153,145,147,153,150,152,155,159,151,160,150,156,150,156,151,156,156,149,155,152,153,161,156,150,165,151,151,148,150,159,152,147,158,148,150,147,151,160,152,156,158,152,158,153,150,142,149,150,156,150,149,151,148,144,152,143,147,149,151,147,147,163,157,154,155,151,151,150,154,156,150
153,157,154,155,153,152,156,153,157,159,157,146,152,148,158,156,152,152,155,146,157,153,153,145,153,152,155,144,158,154,146,148,154,151,153,156,160,152,161,151,157,152,157,152,157,157,150,156,153,154,162,157,152,166,152,152,149,151,160,153,149,160,149,151,148,152,161,155,157,159,153,159,154,151,143,150,151,157,151,150,154,149,145,153,144,148,155,152,148,148,164,158,156,156,152,153,151,156,157,151
155,158,155,156,154,153,157,154,158,160,158,147,154,149,159,157,156,153,156,147,158,154,154,146,154,153,156,145,160,155,147,149,155,152,154,157,161,153,162,152,158,153,158,153,158,158,151,157,154,155,163,158,153,167,153,153,150,153,161,154,150,161,151,153,149,153,163,156,160,160,154,160,157,153,144,151,152,158,152,151,156,150,148,154,145,150,156,153,149,149,165,159,157,157,153,154,153,157,159,152
156,160,156,157,155,154,158,155,159,161,159,148,155,150,160,158,157,154,157,148,159,157,155,148,155,154,158,146,161,156,148,150,157,153,155,158,162,154,163,153,159,154,159,154,159,160,152,158,155,156,164,160,155,168,154,155,151,154,162,155,152,162,152,155,151,154,164,157,161,162,155,161,158,154,146,152,153,159,153,152,157,151,149,155,147,153,157,154,150,150,167,160,158,159,154,156,154,158,161,153
161,161,157,158,156,155,159,156,160,162,160,150,158,152,161,159,158,155,158,149,160,158,158,149,156,155,159,147,163,157,149,152,158,154,156,159,164,155,164,154,160,155,160,155,160,161,153,159,156,158,165,161,156,169,155,157,152,155,163,156,153,163,153,156,152,155,165,158,162,163,156,162,159,155,148,155,155,160,154,154,159,152,150,156,148,155,158,155,151,151,168,161,159,161,155,157,155,159,162,154
162,162,158,159,157,156,160,157,161,163,161,151,159,153,162,160,159,158,159,150,162,160,159,150,157,157,160,148,164,158,151,153,159,155,157,161,165,156,165,156,161,156,161,156,161,162,154,160,157,159,166,164,158,170,156,158,153,156,164,159,154,164,154,157,153,156,166,159,163,164,158,163,160,156,149,156,156,161,155,155,160,153,151,157,149,156,159,156,152,152,169,162,160,162,156,158,156,162,163,155
163,163,160,160,158,157,161,158,163,164,162,152,160,154,163,161,160,159,160,151,165,161,160,151,158,158,161,149,165,159,152,154,160,156,159,162,166,161,166,157,162,158,162,157,162,164,155,161,158,161,167,165,159,172,157,159,155,157,165,160,157,165,155,159,155,158,168,160,165,165,159,164,161,157,150,157,157,162,156,156,161,154,152,158,150,157,160,157,153,153,170,163,161,163,157,159,158,164,164,156
166,164,161,161,159,158,163,159,164,165,163,153,161,155,165,162,161,160,162,153,167,162,162,152,160,160,162,150,166,160,153,155,161,157,161,163,167,163,168,158,163,159,163,158,163,165,157,162,159,162,168,166,160,173,158,160,156,158,167,161,158,166,156,160,156,159,169,161,166,166,160,165,162,158,151,158,158,163,159,157,162,157,153,160,152,158,162,158,154,154,171,164,162,166,159,160,159,165,165,157
167,165,162,163,160,159,164,160,165,166,165,154,163,156,166,164,162,161,163,154,168,163,163,153,161,161,163,151,167,161,155,156,162,159,162,164,170,164,169,159,165,160,164,159,164,166,158,163,160,164,169,168,161,174,159,161,157,164,168,162,159,167,157,161,157,160,170,162,167,167,161,167,163,159,152,159,160,164,160,158,163,158,154,161,155,159,163,159,155,155,172,165,163,167,160,162,161,167,166,158
168,166,163,165,161,160,166,161,166,167,166,155,164,157,168,167,163,162,164,156,170,164,164,154,162,162,164,152,168,163,156,157,163,160,163,166,171,167,170,161,166,161,165,160,165,167,159,164,161,166,170,169,163,175,160,162,160,165,169,163,160,168,158,162,158,161,171,163,168,168,162,168,164,160,153,164,161,165,161,160,165,159,156,162,156,160,164,160,156,156,175,166,165,168,161,163,162,168,167,159
169,167,165,166,162,163,167,162,167,168,167,156,165,158,169,168,165,163,166,159,171,165,165,155,163,163,165,154,169,164,157,158,164,161,164,167,172,169,172,162,167,162,167,163,167,169,160,165,163,167,171,170,164,176,161,163,162,166,170,164,161,169,160,163,159,162,172,164,170,172,163,169,165,161,154,165,162,166,163,161,166,160,158,163,157,162,165,161,157,157,176,167,166,170,162,164,163,169,168,160
170,168,166,167,164,165,168,163,168,169,168,157,167,159,171,169,166,164,167,160,172,166,166,156,165,164,166,155,171,165,158,159,165,162,166,168,173,170,173,163,168,163,168,164,168,170,162,166,164,168,172,172,165,177,163,165,163,167,171,165,162,171,161,164,160,163,173,165,171,173,164,170,167,162,156,166,164,168,164,164,168,162,159,164,160,163,166,163,158,158,177,168,167,171,164,165,164,170,169,161
171,169,168,168,165,166,169,164,169,170,170,158,169,160,172,170,167,165,169,161,174,167,167,158,166,165,168,157,175,167,160,160,167,164,167,169,174,171,174,164,169,165,169,165,169,171,163,167,166,169,174,173,168,178,164,167,164,168,172,166,163,172,163,165,162,164,174,167,172,174,165,172,170,163,158,168,166,169,165,165,169,163,160,166,161,164,167,164,160,159,178,169,168,172,166,166,166,171,170,162
172,172,170,169,166,168,170,165,170,171,171,159,170,162,174,171,168,166,170,162,175,168,168,159,167,166,169,158,176,168,162,162,168,166,169,170,175,172,176,165,171,166,170,166,170,172,164,168,167,170,175,174,169,179,165,168,165,169,173,167,164,173,164,166,163,165,175,168,173,175,166,174,172,164,160,170,167,170,166,166,170,164,161,167,162,165,169,165,161,160,179,170,170,173,167,167,167,172,171,163
173,173,171,170,167,169,171,167,171,173,172,160,171,164,175,172,169,167,171,163,176,169,169,162,168,167,170,160,177,169,164,164,169,167,170,171,176,173,177,166,172,167,172,167,171,173,166,172,168,171,177,175,170,180,166,169,166,170,174,169,165,174,165,167,164,166,176,169,175,176,167,175,173,165,161,171,168,171,169,167,171,165,162,168,165,168,170,167,162,161,180,172,171,175,168,168,168,174,173,164
175,174,172,171,169,170,172,170,172,174,176,161,173,165,176,173,170,169,172,165,177,170,170,163,169,168,171,162,178,170,165,165,172,168,171,172,177,174,178,168,173,168,173,168,172,174,167,173,170,172,178,176,172,181,167,170,167,171,175,170,166,175,166,168,166,168,177,170,177,177,168,176,174,167,162,173,169,172,170,168,172,166,163,169,166,169,172,168,163,163,182,174,172,176,169,169,169,175,175,165
176,175,173,172,170,171,173,171,174,175,177,162,175,167,177,174,171,171,173,166,178,171,171,165,170,169,173,163,179,172,166,167,173,170,172,173,179,175,180,169,174,169,174,169,173,177,168,174,171,173,179,177,173,182,168,171,168,172,176,174,168,177,167,169,167,169,178,173,178,178,169,179,176,169,163,174,170,175,171,169,173,167,164,170,167,171,173,171,164,164,183,175,173,177,171,170,170,176,176,166
177,176,174,173,172,172,174,172,175,176,180,164,177,168,179,175,172,172,175,168,180,172,172,166,171,170,174,164,180,173,167,168,175,171,174,176,180,176,181,170,176,170,175,170,174,178,169,175,172,174,180,178,177,183,170,172,169,174,177,175,169,178,169,171,168,171,179,177,179,179,171,180,177,170,164,175,171,176,173,172,174,168,166,171,168,174,175,172,167,168,184,176,175,178,172,172,171,178,177,167
178,177,175,174,173,173,175,174,176,178,181,166,178,170,180,176,174,173,176,169,181,173,175,167,172,171,176,166,181,174,168,169,176,172,175,177,181,177,182,172,177,171,176,171,177,179,170,176,173,175,181,179,178,184,171,173,170,175,178,176,171,180,171,172,169,172,181,178,181,180,172,181,179,171,165,178,174,177,175,173,175,169,167,172,170,176,176,173,169,169,185,177,176,180,173,173,172,181,178,168
180,180,176,175,175,174,176,175,177,179,182,167,179,172,181,177,175,174,180,170,182,174,176,168,173,172,177,167,182,177,169,170,177,173,176,178,182,178,183,173,178,172,178,172,179,181,171,178,174,176,182,182,179,185,172,174,171,176,179,177,173,181,172,173,171,174,182,179,182,182,173,183,180,172,166,179,175,178,176,174,176,171,170,173,171,179,177,174,170,170,186,178,177,181,174,174,173,182,179,169
181,181,178,176,176,175,177,176,178,183,183,168,180,173,183,178,176,175,181,172,183,175,179,169,174,173,178,169,183,178,170,171,178,175,177,179,183,179,184,174,179,173,179,173,180,182,174,179,176,177,183,183,180,186,173,175,172,177,180,178,174,182,173,174,172,175,183,180,183,183,174,184,181,174,168,180,176,179,177,175,177,172,173,174,172,180,178,175,171,172,187,179,178,182,175,176,174,183,181,171
182,182,179,177,178,176,178,177,179,184,184,169,181,175,186,179,177,176,183,175,184,176,181,170,175,174,179,171,185,179,171,172,180,176,178,180,184,181,185,175,180,174,180,174,181,185,175,180,177,179,184,184,181,187,174,176,173,178,181,179,175,183,174,175,173,176,185,181,184,184,175,185,182,175,169,181,178,180,179,176,179,173,174,175,173,181,180,176,172,173,188,181,180,183,176,177,175,185,182,172
183,184,180,179,179,178,179,179,181,185,185,170,182,176,187,180,178,177,184,176,185,177,182,172,176,176,180,172,186,181,172,173,181,177,179,181,185,182,186,177,181,175,181,175,182,186,176,181,178,180,185,185,182,188,175,178,174,179,182,180,176,184,175,178,174,177,187,182,185,185,178,186,184,176,170,182,179,182,180,177,180,175,175,177,174,182,181,177,173,174,189,182,182,184,177,178,176,186,183,173
184,185,182,180,181,180,180,180,182,186,186,174,183,177,188,181,179,178,185,177,189,178,183,173,177,177,181,173,187,182,173,175,182,179,180,183,186,183,188,178,182,176,182,176,183,187,177,182,179,182,186,186,183,189,176,179,176,181,183,181,177,186,176,179,175,179,188,183,186,186,179,187,185,178,171,183,180,183,181,178,181,176,176,179,175,184,182,178,175,175,191,183,183,185,178,179,177,187,184,175
186,189,183,181,182,181,182,181,183,187,187,175,184,178,189,182,180,179,186,178,190,179,184,174,178,179,182,174,188,183,174,176,183,180,181,184,187,185,189,179,183,177,183,178,184,188,178,183,180,183,187,187,185,190,177,180,177,182,184,183,178,187,177,180,177,181,189,184,187,187,180,188,186,179,172,184,182,184,182,179,182,177,177,180,178,185,183,179,176,177,192,184,184,186,179,180,178,189,186,176
187,190,184,182,183,183,183,182,184,188,188,176,185,179,190,185,181,182,187,180,193,180,185,175,179,180,184,175,189,185,175,178,184,181,182,185,188,186,190,180,184,180,184,179,185,189,179,184,181,184,189,188,186,191,178,181,180,183,185,185,179,188,178,181,178,182,191,185,188,188,181,189,187,180,173,185,183,185,184,181,183,179,178,182,180,186,185,180,177,178,193,185,185,187,180,181,179,190,187,177
188,191,185,183,184,184,184,184,185,189,189,178,186,180,191,186,182,183,188,181,194,181,186,176,180,181,185,177,190,186,179,180,186,182,183,186,189,187,191,181,185,181,186,180,186,191,180,186,182,185,190,189,187,192,179,182,181,184,186,186,181,189,179,183,181,183,192,186,189,189,182,190,188,181,174,186,184,186,185,182,184,180,179,183,181,187,186,181,179,179,194,187,186,188,181,182,180,191,190,179
189,192,186,185,185,186,186,185,186,190,190,179,187,184,192,187,184,185,189,182,195,182,187,178,181,185,186,179,191,187,180,181,187,187,184,187,190,191,192,182,187,183,187,181,187,193,182,187,183,186,191,190,188,193,181,183,182,185,187,187,182,190,180,184,182,185,193,187,190,190,184,191,189,182,175,187,185,187,186,184,185,181,180,184,182,188,187,182,180,180,195,188,187,189,182,183,181,192,192,180
191,193,187,186,186,187,187,187,187,192,191,181,188,185,193,190,185,186,190,183,196,184,192,179,182,187,187,181,193,188,181,182,188,188,185,188,191,193,193,183,188,185,189,182,188,195,185,188,184,187,192,192,189,194,182,184,183,186,188,188,183,191,181,186,183,186,194,188,191,191,185,192,190,184,176,188,186,189,187,186,186,184,181,185,183,189,188,183,181,181,196,189,188,193,183,184,182,193,193,181
192,194,188,187,187,189,188,188,188,193,192,182,190,186,194,191,187,188,192,184,197,185,193,182,183,188,188,182,194,189,183,184,189,190,186,189,192,194,194,185,189,186,190,183,189,196,186,189,186,189,193,193,192,195,183,186,184,187,189,189,184,192,183,187,184,187,195,189,192,192,188,193,191,186,177,189,187,194,188,187,187,185,184,186,184,190,189,184,182,182,197,190,189,194,184,185,183,194,194,183
193,195,190,188,188,190,189,189,190,194,193,183,191,187,195,192,188,189,193,185,198,186,194,183,185,189,189,186,195,190,184,185,190,191,187,190,193,195,196,186,190,187,191,184,191,197,187,190,187,190,194,194,193,196,184,187,185,188,190,190,185,193,186,188,185,188,197,190,193,193,189,194,192,188,178,190,189,195,189,188,188,187,185,187,185,193,190,185,183,183,198,191,190,195,185,186,184,195,195,184
194,196,191,190,190,191,190,190,193,195,195,185,193,189,196,193,189,190,194,186,199,188,195,185,187,190,191,188,196,191,186,186,192,192,188,191,194,196,199,188,191,188,192,185,193,198,189,191,189,191,196,195,194,197,185,188,186,189,191,191,187,195,187,189,186,189,198,192,194,194,190,195,193,189,179,191,192,196,190,189,189,188,187,188,186,194,191,186,184,184,199,192,192,196,186,190,185,196,196,185
195,197,193,191,191,192,191,191,194,197,196,187,195,190,197,195,190,191,196,187,200,189,196,186,189,191,192,189,197,192,187,187,194,194,189,193,195,197,201,189,192,189,193,186,194,199,190,192,190,192,197,196,195,198,186,189,187,190,192,192,188,196,188,190,187,190,199,194,195,195,191,196,194,190,180,192,194,197,192,193,190,189,188,190,187,196,192,187,185,185,200,193,193,197,187,191,186,197,197,186
196,198,194,192,192,193,192,192,195,198,198,188,196,192,198,196,191,193,198,188,201,190,198,188,191,192,193,190,198,193,188,188,195,195,190,194,196,199,202,190,193,192,195,187,195,200,191,193,191,193,198,198,196,199,187,190,188,191,194,194,190,197,189,191,188,191,200,195,196,196,192,197,199,192,182,193,196,198,193,195,191,190,189,192,190,197,193,189,186,186,201,194,194,198,188,192,187,198,198,187
197,199,195,196,193,194,193,193,196,199,199,190,197,194,199,197,194,194,200,189,202,191,199,191,192,193,194,191,199,194,189,190,196,196,191,195,197,200,203,191,194,194,196,188,196,203,192,194,193,194,199,199,197,200,188,191,190,192,196,195,191,198,190,192,189,192,201,196,197,197,193,198,201,193,183,195,197,199,194,196,192,191,190,193,191,199,194,190,188,187,202,196,195,200,189,194,188,199,199,188
198,200,196,198,194,195,195,195,198,200,200,191,198,195,200,198,196,195,201,190,203,192,200,192,193,196,195,193,202,195,190,191,197,198,192,196,198,201,204,195,195,195,197,189,197,204,193,195,195,195,200,200,198,201,189,192,193,193,197,196,192,199,192,193,190,193,202,197,198,198,195,199,202,194,184,196,198,200,195,197,193,192,191,195,192,200,196,191,190,188,203,197,196,201,190,195,189,200,200,189
199,202,197,199,195,197,196,196,199,201,201,192,199,196,201,199,197,196,202,191,206,194,201,193,195,197,197,194,203,196,191,192,198,199,193,199,199,203,205,197,196,196,198,190,199,205,194,196,196,197,201,201,199,202,190,194,194,194,198,197,194,200,193,194,192,194,203,198,199,199,196,200,203,195,185,198,199,201,196,198,194,193,194,197,193,201,197,192,191,189,204,199,197,202,191,197,190,201,201,190
200,203,200,200,196,198,197,197,200,202,202,193,200,197,202,201,198,197,204,192,207,195,202,194,197,198,198,195,204,198,193,194,199,201,195,200,200,206,208,199,197,197,199,192,200,206,195,197,197,200,203,202,200,204,191,195,195,195,199,200,195,201,194,195,193,197,205,202,200,200,198,201,204,196,187,201,200,202,198,199,195,194,195,198,195,202,198,193,193,193,205,200,198,203,193,198,193,203,202,192
202,204,201,201,197,199,198,198,201,203,203,194,201,198,203,202,199,198,205,193,209,196,203,197,199,199,199,196,205,199,194,195,200,202,196,202,201,207,209,200,198,198,200,193,201,207,196,198,199,201,205,204,201,205,192,196,197,198,200,201,196,202,195,196,194,198,206,203,202,201,199,203,205,197,189,202,201,203,199,202,196,196,196,203,196,203,199,194,194,194,206,201,199,205,194,199,194,204,203,193
203,205,202,202,198,200,199,199,202,204,204,195,202,199,204,204,200,199,206,194,210,198,204,198,200,200,200,197,207,200,195,197,201,203,197,203,202,209,210,202,199,200,201,195,202,209,197,199,200,202,206,205,203,206,193,197,199,199,202,205,197,203,196,197,199,199,207,204,203,202,200,204,206,198,190,204,202,206,200,203,197,197,198,204,199,204,200,195,196,196,208,202,200,206,195,200,195,205,204,194
204,206,203,203,199,201,200,200,203,207,205,196,204,200,206,205,201,201,207,195,211,199,205,200,202,201,201,198,208,202,196,198,202,204,201,204,203,210,211,203,200,202,202,196,203,210,198,200,202,203,207,206,204,207,195,198,201,201,204,206,198,205,198,198,200,202,208,205,205,203,201,205,207,199,191,205,203,207,201,204,199,198,199,205,200,206,201,196,197,197,209,204,201,207,198,201,197,207,205,195
205,207,204,205,200,202,201,201,205,208,206,197,205,201,207,206,202,202,208,196,213,200,206,203,203,202,202,200,209,203,197,199,203,205,202,205,206,213,212,204,201,203,203,197,206,211,199,202,203,204,208,209,205,209,197,199,202,203,205,207,199,206,199,199,202,203,209,206,206,204,202,206,209,200,193,206,204,208,205,205,200,199,200,206,201,207,204,198,198,198,210,205,202,209,199,202,198,208,207,196
207,209,205,207,201,203,202,202,206,209,207,198,207,203,208,207,203,203,211,197,214,201,207,204,204,203,204,201,211,204,198,200,204,206,204,206,207,214,213,205,202,204,205,198,207,212,201,203,204,205,209,210,206,210,198,201,205,205,206,208,200,207,201,200,203,204,211,207,207,205,203,207,210,201,194,207,205,209,206,207,201,200,201,207,202,209,205,199,200,201,212,206,203,210,200,203,199,209,209,197
209,212,207,209,202,204,203,203,207,210,208,199,209,204,211,208,205,204,212,198,215,203,208,206,205,204,206,202,212,205,200,201,205,208,205,207,209,217,214,206,204,205,206,201,209,215,202,204,205,206,210,211,207,211,199,202,206,206,207,210,201,209,202,201,204,205,213,208,208,206,205,208,211,203,197,208,206,210,207,208,202,201,202,208,203,210,206,200,201,202,213,207,204,212,201,204,200,210,210,199
210,214,208,210,203,206,204,204,208,211,209,200,210,205,212,210,207,205,213,199,216,204,209,207,206,205,207,203,213,206,201,202,206,209,206,208,210,218,215,208,205,206,207,202,210,216,203,205,206,207,211,212,208,212,200,203,208,207,209,211,202,210,203,202,205,206,214,209,209,207,206,209,213,205,198,209,208,211,208,209,203,202,204,209,204,211,207,201,203,203,214,208,206,213,203,205,201,211,211,200
211,215,209,211,205,208,205,207,209,212,210,202,211,207,213,211,208,207,216,201,217,207,210,208,207,206,208,205,214,207,202,203,207,210,207,209,212,219,216,209,206,208,208,203,211,217,204,206,207,208,212,213,209,213,202,205,209,208,210,212,203,211,204,203,207,208,215,210,210,208,207,210,214,206,199,210,209,212,210,210,204,203,205,210,205,212,208,203,204,204,215,209,207,214,205,207,202,212,212,201
213,216,211,212,206,210,206,208,210,213,211,204,214,208,215,213,209,208,217,204,218,208,211,209,208,207,209,206,215,208,203,204,209,211,208,210,213,220,217,210,207,209,209,205,212,218,205,209,208,209,213,214,210,215,203,206,210,209,211,214,204,212,205,204,208,209,216,211,212,209,208,212,215,207,200,211,211,213,211,211,205,204,206,211,207,213,210,206,205,206,216,210,209,215,206,208,203,214,215,203
214,219,212,214,207,211,207,209,211,214,212,206,215,209,217,214,211,210,218,205,219,209,212,210,210,208,210,207,216,210,204,206,210,212,209,211,214,221,218,211,208,210,211,206,213,219,206,210,209,211,214,215,211,216,206,207,211,211,214,215,205,214,206,207,210,210,217,212,213,210,210,213,216,208,201,212,212,214,212,212,206,205,207,212,208,214,211,207,207,207,217,211,210,217,207,210,205,215,217,204
215,220,213,215,209,212,208,210,212,215,213,207,216,210,218,215,212,211,219,206,220,210,214,211,211,210,211,209,217,212,205,207,212,213,210,212,215,222,220,214,210,211,213,207,215,220,208,211,210,212,215,216,212,217,207,210,212,213,215,217,206,215,207,208,211,212,218,213,214,211,211,214,218,209,205,213,213,215,214,213,207,206,208,213,209,218,213,208,208,208,218,212,212,218,208,211,207,217,218,206
216,221,214,217,210,213,210,211,213,217,216,208,219,211,219,216,213,212,220,207,222,212,216,212,212,211,213,212,218,213,207,208,213,214,211,214,216,224,222,215,212,212,214,208,216,222,209,212,211,213,217,217,213,218,208,211,214,215,216,218,207,216,208,209,212,213,220,214,215,213,213,215,219,210,206,214,214,216,215,214,208,207,209,214,210,219,214,209,209,209,219,213,213,219,211,213,208,218,219,209
217,222,215,218,211,214,211,213,214,219,217,209,220,212,220,217,214,213,221,209,224,213,217,213,213,213,214,213,219,215,210,209,215,216,212,215,218,226,223,216,213,213,215,209,217,223,210,217,212,214,218,218,214,219,209,213,215,217,217,219,208,217,209,210,213,214,221,215,217,214,214,218,220,211,210,215,215,217,216,215,209,208,210,217,211,221,216,210,210,210,220,214,214,220,212,214,209,219,220,211
218,223,217,220,212,217,212,214,215,220,218,210,221,213,221,219,215,215,222,210,226,214,218,214,214,214,215,214,221,216,211,210,216,217,213,216,219,227,224,217,214,214,216,210,218,224,211,218,213,215,219,219,215,220,210,215,216,218,220,220,210,218,210,211,214,215,222,217,218,215,215,219,221,214,211,216,217,218,217,216,210,209,211,219,212,222,218,211,211,212,221,215,215,221,213,215,210,220,221,214
220,224,218,221,213,218,213,215,216,221,219,211,222,214,222,220,216,216,223,211,227,215,219,215,215,215,216,215,224,217,212,214,217,218,214,218,220,228,225,219,215,216,217,211,219,225,213,220,215,216,220,221,216,221,211,216,217,219,221,221,211,220,211,212,215,216,223,220,219,216,216,221,222,217,213,217,218,219,218,217,212,210,212,220,217,223,219,212,212,213,222,216,217,223,214,217,211,221,222,216
221,225,219,222,214,219,214,217,219,222,220,212,223,216,223,221,217,217,224,212,228,216,220,216,216,216,217,216,227,218,213,215,218,220,215,219,221,229,226,220,216,218,218,212,220,226,214,221,216,217,221,222,217,222,212,219,218,220,222,222,212,221,212,215,216,217,224,221,220,217,217,222,223,218,214,218,219,220,219,218,213,211,213,221,220,224,220,213,213,214,223,217,219,225,216,218,212,222,223,217
222,226,222,223,215,220,215,220,220,223,221,213,224,217,224,222,218,218,225,214,229,218,221,217,218,217,218,218,228,219,214,217,219,221,217,221,222,230,227,221,217,219,219,213,221,227,216,223,217,218,222,223,218,223,213,220,219,222,223,224,214,223,217,216,217,218,225,222,222,218,218,223,224,219,215,219,221,221,220,219,214,212,214,222,221,225,221,214,214,216,224,219,220,226,217,219,213,223,224,218
224,228,223,224,216,221,216,221,221,224,222,215,225,218,225,223,219,219,227,215,230,221,223,221,219,219,219,219,229,220,215,218,221,222,218,222,223,231,228,222,218,220,221,214,222,228,217,224,218,220,223,224,219,225,214,221,220,223,224,225,215,224,219,217,218,219,226,223,223,220,219,224,228,221,216,220,222,222,221,220,215,213,216,223,222,226,222,215,215,217,225,220,221,227,218,221,214,224,225,219
225,230,225,226,217,222,217,222,222,225,223,218,226,219,226,224,220,220,228,216,231,222,224,222,220,220,222,220,230,221,216,220,222,223,219,223,225,232,231,223,219,222,222,215,223,229,220,225,219,221,224,225,221,226,215,222,221,224,226,226,216,225,220,218,220,220,227,224,225,221,220,225,230,222,217,221,223,223,222,221,216,214,219,224,223,227,223,216,216,220,226,221,223,228,219,222,215,225,226,220
226,231,226,227,218,223,218,223,223,226,224,219,227,220,227,225,221,221,229,217,232,224,225,223,221,221,223,221,231,223,218,222,223,224,221,224,226,233,234,224,220,223,224,216,224,230,222,226,220,222,225,227,222,227,216,223,222,225,227,228,217,226,221,219,222,221,230,225,226,222,221,226,231,223,218,222,224,224,223,222,217,215,220,225,224,228,225,217,217,221,228,223,224,229,220,223,216,227,227,221
227,233,228,228,219,224,219,224,224,227,225,221,228,221,228,227,222,222,231,218,233,225,227,224,222,224,224,222,232,224,219,223,224,226,223,225,227,234,235,225,221,224,225,217,227,232,223,227,221,223,227,228,223,229,217,224,223,226,229,229,219,227,222,220,223,222,231,226,227,223,222,228,232,224,219,223,225,225,224,223,219,216,221,226,225,229,226,218,218,222,229,224,225,230,221,224,217,229,229,222
229,234,229,229,220,225,220,226,225,228,226,222,229,222,229,228,224,223,232,219,234,226,228,225,223,225,226,224,233,226,220,225,225,227,224,226,228,235,236,226,222,225,226,219,228,233,224,228,223,224,228,229,224,230,218,225,224,227,230,230,220,228,223,221,224,223,232,227,228,224,223,229,233,225,220,224,226,226,225,224,220,217,222,227,226,230,227,219,219,224,230,225,226,231,223,225,218,230,231,224
230,235,232,230,222,226,221,228,226,229,227,223,230,224,232,229,225,225,233,220,235,227,229,226,224,227,227,225,234,227,221,226,229,228,225,227,229,236,237,227,224,227,227,220,230,234,225,229,224,225,229,230,225,231,219,226,226,228,231,232,221,229,224,222,226,224,233,228,229,225,224,231,234,226,221,225,229,227,226,225,221,218,223,228,227,231,228,220,221,225,231,226,227,232,224,226,220,231,233,225
231,236,233,231,223,228,222,229,227,230,228,224,231,225,234,230,226,226,235,221,236,229,230,227,225,228,228,226,235,229,222,227,230,229,226,228,230,237,238,228,225,229,228,222,231,235,227,230,225,226,230,231,226,232,221,227,227,229,232,233,222,230,225,224,227,225,234,229,230,226,225,232,235,227,223,226,230,229,229,226,222,220,224,230,228,232,229,221,223,226,233,227,228,233,225,228,222,232,234,226
232,237,235,232,224,229,223,230,229,231,229,225,232,226,235,231,227,227,236,222,237,230,231,228,226,230,229,227,236,230,223,228,231,230,227,229,231,238,239,229,226,230,231,223,232,236,228,231,226,227,231,232,229,233,223,228,228,230,233,234,223,231,226,225,228,226,236,231,231,227,227,233,236,228,224,227,231,232,230,227,223,222,226,232,229,233,230,222,224,227,234,228,229,234,226,229,223,233,236,227
234,238,236,233,225,230,224,231,230,232,231,226,233,227,236,232,228,228,237,223,238,231,232,230,227,231,231,228,237,231,224,229,232,231,229,231,233,239,240,230,227,231,232,224,235,237,229,232,228,228,232,233,231,234,224,229,229,231,234,235,225,232,227,226,229,227,237,232,234,228,228,234,237,229,225,228,232,233,231,228,224,223,227,234,230,234,231,223,225,228,235,229,230,235,228,230,224,234,239,229
236,239,237,234,226,231,227,233,231,233,232,227,235,229,237,233,229,229,238,224,239,232,233,232,229,232,232,229,239,232,225,230,233,233,231,234,234,240,241,233,228,233,233,225,236,238,230,233,229,229,233,234,232,235,226,230,230,233,235,236,226,233,228,228,232,228,238,233,236,229,229,235,240,230,228,229,233,234,232,230,225,224,228,235,234,235,233,224,226,229,237,230,232,236,229,232,225,235,240,230
237,242,238,236,227,232,228,234,232,234,233,229,236,230,238,234,230,230,239,225,240,234,234,234,231,234,233,230,240,233,227,231,234,235,232,235,235,241,242,234,230,234,234,226,237,240,231,235,230,230,234,236,233,237,227,231,233,235,237,237,227,234,229,229,233,229,239,234,237,230,230,236,241,231,229,230,234,235,233,231,226,225,229,236,235,236,234,225,227,232,238,231,233,237,230,233,226,236,241,231
240,243,239,237,228,233,229,236,234,236,234,230,237,231,239,235,231,232,240,226,241,235,235,235,232,235,235,231,241,234,228,233,235,236,233,236,236,242,243,235,232,235,235,228,239,241,232,236,231,231,235,237,234,238,228,235,234,236,238,238,228,235,230,230,235,231,240,235,238,231,231,238,242,232,230,232,235,237,234,232,227,226,231,237,236,237,235,226,228,233,239,233,234,238,233,234,227,237,242,232
241,244,241,238,229,234,230,238,235,237,235,231,239,232,240,236,232,233,242,229,242,236,236,236,233,236,237,232,242,235,229,237,236,237,234,237,237,243,244,237,233,236,236,229,240,242,233,237,232,233,236,238,236,239,229,236,235,237,239,239,229,236,234,231,236,232,241,236,239,233,232,239,244,233,233,233,236,238,235,233,228,227,232,238,237,238,236,228,229,234,240,234,235,239,236,235,228,239,243,233
242,245,242,239,232,235,233,239,236,238,236,232,240,233,241,237,233,235,243,230,243,237,237,237,234,237,238,233,243,236,230,238,237,239,235,238,238,244,245,238,234,237,237,230,241,243,234,238,233,234,237,239,237,240,230,237,237,239,240,240,230,237,238,232,237,233,242,237,240,234,233,240,246,234,234,234,237,239,236,234,229,228,234,239,238,239,237,229,230,236,241,235,236,240,237,236,231,240,245,234
243,246,244,240,234,236,234,240,238,239,237,234,241,234,242,238,235,237,244,233,244,239,238,238,236,238,240,234,244,237,231,239,238,240,236,239,239,245,246,239,235,238,239,231,243,245,235,239,234,236,238,240,238,241,231,240,239,240,241,241,232,239,239,233,238,234,243,238,242,236,234,241,247,235,235,235,239,240,239,236,230,230,235,240,239,240,238,230,231,237,242,237,237,242,238,237,233,241,246,235
244,247,245,242,235,237,235,241,240,240,238,235,242,235,243,239,236,238,245,234,245,240,239,239,237,239,241,235,245,238,232,240,239,241,238,240,240,246,247,241,236,239,240,232,244,246,236,241,235,238,239,241,239,242,232,241,240,241,242,243,234,240,240,235,239,235,244,239,243,237,235,242,248,237,236,236,240,241,242,237,231,231,236,241,240,241,239,232,232,238,243,238,238,243,239,239,234,242,247,236
245,248,246,244,236,238,236,242,241,241,241,236,244,237,244,240,238,239,246,235,246,241,240,240,238,242,242,236,246,239,233,241,240,242,241,241,241,247,248,242,237,240,241,233,246,248,237,242,236,239,240,242,241,243,234,242,241,242,243,244,236,241,241,236,240,236,245,240,244,238,236,243,249,238,237,237,241,242,243,239,232,233,237,242,242,243,240,233,233,239,244,239,239,244,240,240,237,243,248,238
246,249,247,245,237,240,237,245,242,242,242,237,246,239,246,241,240,240,248,236,247,243,241,241,239,243,245,237,247,240,234,242,242,243,242,242,244,248,249,243,238,241,244,235,248,249,238,243,237,240,241,243,242,244,235,243,242,243,245,245,238,243,242,237,242,237,246,241,245,239,237,244,250,239,239,238,242,243,244,240,233,234,238,243,243,244,241,234,234,240,248,240,240,245,241,241,238,244,249,239
247,250,248,246,238,241,238,247,244,243,244,238,247,240,247,242,241,241,249,237,248,244,242,242,240,244,246,238,248,241,235,243,243,244,243,243,245,249,251,244,239,242,245,236,249,250,239,244,238,241,242,245,243,245,236,244,244,244,247,246,241,244,243,238,243,238,247,242,246,240,238,245,251,240,241,239,243,244,245,241,234,235,239,244,244,245,242,235,236,241,249,241,241,246,242,242,239,245,250,241
248,251,249,247,239,242,241,248,246,244,247,239,248,241,248,243,242,242,250,238,249,245,243,243,241,245,247,239,249,242,236,244,244,245,244,246,246,250,252,245,240,243,246,239,251,252,240,245,239,242,243,246,244,246,237,245,245,245,248,247,242,245,246,240,245,239,248,244,250,242,239,246,252,241,242,240,246,245,246,242,235,236,240,245,245,246,244,236,237,242,250,242,243,247,243,243,240,246,251,242
249,252,250,248,241,243,242,249,248,245,249,241,251,242,249,246,243,243,251,240,251,246,244,245,242,246,248,240,250,243,237,245,245,246,246,247,248,251,253,246,241,246,247,240,252,253,241,246,242,243,246,248,245,248,238,247,247,248,249,248,243,246,247,241,246,240,249,246,251,244,240,247,253,242,243,242,247,246,247,243,237,237,242,247,246,248,245,237,238,243,251,244,244,248,244,244,242,247,252,243
250,253,251,249,242,244,243,250,249,247,251,242,252,243,250,247,244,246,252,241,252,247,245,246,245,247,249,241,251,244,239,247,246,247,247,248,249,252,254,247,242,248,248,241,254,254,242,247,243,244,247,249,248,250,240,248,248,249,250,249,244,250,248,242,247,241,250,247,253,245,241,248,254,243,244,245,248,247,248,245,239,238,243,248,247,249,247,238,241,244,252,246,245,249,245,246,245,248,253,245
252,254,252,250,243,245,245,251,250,249,252,245,253,244,252,248,245,247,253,242,253,248,246,248,247,248,250,242,252,245,240,248,247,248,248,249,250,253,255,248,243,249,251,242,255,255,243,248,244,245,248,251,249,251,241,249,249,250,251,250,245,252,250,243,248,243,251,248,255,246,242,249,256,244,245,246,249,248,249,246,240,240,244,249,248,250,249,239,244,246,253,247,247,250,246,248,246,249,254,246
253,257,254,251,244,246,246,252,251,250,253,246,255,245,253,249,246,248,255,243,254,249,247,249,248,249,251,243,253,246,242,249,248,249,249,250,251,254,256,249,244,250,253,243,256,256,245,249,245,247,249,252,250,252,242,251,251,251,252,253,246,253,251,244,249,244,252,249,256,247,243,250,257,245,247,247,250,249,250,248,241,241,245,250,249,251,250,240,246,247,254,248,250,251,247,249,247,250,255,247
254,258,255,252,245,247,247,253,252,251,254,247,256,246,254,252,247,249,256,244,255,250,248,250,250,250,253,244,254,247,243,250,249,250,251,252,252,255,257,250,246,251,255,244,257,257,246,251,248,249,252,253,251,253,244,252,252,252,253,254,247,254,255,245,250,245,253,250,258,249,244,251,258,246,249,248,251,251,251,251,242,242,246,253,251,252,251,241,247,248,255,250,251,252,249,250,249,251,256,248
255,259,257,253,246,248,248,254,253,252,255,248,257,247,256,253,248,251,257,246,256,251,249,251,251,251,254,245,255,248,244,251,250,253,253,253,253,256,259,251,247,252,257,247,258,258,250,252,249,252,253,254,252,255,246,253,253,253,254,256,248,256,256,246,251,246,254,251,259,250,245,252,259,247,251,249,254,252,252,252,244,243,247,254,253,253,253,242,248,249,257,251,252,253,251,251,250,252,258,249
256,260,258,254,247,250,249,255,254,253,256,249,258,248,257,256,249,252,259,247,257,254,250,252,252,254,255,247,256,250,245,252,251,254,254,254,254,257,260,252,248,253,259,248,259,259,251,253,250,253,254,255,254,256,248,254,255,255,255,257,249,257,257,247,253,247,256,252,260,251,246,253,260,248,252,250,255,253,253,253,245,245,248,255,254,254,254,243,249,250,259,252,253,254,252,252,251,253,259,251
258,261,259,255,249,251,250,256,255,255,257,250,259,249,258,257,252,253,261,248,259,256,251,253,254,255,257,248,257,252,247,253,252,255,255,256,255,258,261,253,249,254,260,249,260,260,252,254,251,254,255,257,255,257,249,255,256,258,256,258,250,258,258,248,254,249,257,253,261,252,249,254,261,251,253,251,256,254,254,254,247,247,249,256,256,255,255,247,252,251,260,253,254,255,253,254,252,255,260,252
259,262,260,256,252,252,251,257,256,256,258,251,260,250,259,258,254,254,262,251,260,257,252,255,255,256,258,249,259,253,248,255,253,256,257,258,256,259,262,254,250,255,261,250,261,261,253,255,252,255,257,258,256,258,250,256,257,259,257,260,251,259,261,249,255,250,258,254,262,253,250,255,262,252,256,252,259,255,256,255,248,250,251,257,257,256,257,250,254,252,261,254,255,259,255,255,253,256,261,253
260,263,261,257,253,253,252,258,258,257,259,252,261,251,260,259,256,255,263,253,261,259,253,256,257,257,259,250,260,255,250,256,254,257,258,259,258,260,263,255,251,256,262,251,262,262,254,256,253,256,258,259,257,260,251,257,258,260,258,261,252,261,262,250,256,251,259,255,263,254,251,257,263,253,257,254,260,257,257,256,249,251,252,258,258,257,258,251,255,254,262,255,256,260,256,256,254,257,262,256
261,264,262,258,254,254,256,259,259,260,260,253,263,252,263,260,257,257,264,254,262,260,254,257,259,258,260,251,261,256,251,257,255,258,259,260,259,261,264,257,252,257,263,252,263,263,255,257,255,257,260,261,258,261,252,258,259,262,259,262,253,262,263,251,257,252,260,256,266,255,253,259,264,254,258,257,261,258,258,258,250,252,253,259,259,258,260,252,256,255,263,257,258,261,257,258,255,258,263,257
262,265,264,259,255,255,257,261,262,261,261,254,264,253,264,261,258,258,265,256,263,261,256,260,260,259,261,252,262,257,252,258,256,259,260,261,260,262,265,259,253,258,264,253,265,264,256,259,256,258,261,262,259,262,253,259,260,263,260,263,255,263,264,253,258,254,261,257,267,257,254,260,267,255,259,258,263,259,261,259,251,253,254,260,261,259,261,253,259,256,264,258,259,262,258,259,257,259,264,258
263,266,265,260,256,256,258,265,263,262,263,255,265,254,266,264,261,259,266,257,264,262,257,261,261,261,262,253,264,258,257,259,257,260,261,262,261,263,266,260,254,259,265,255,266,265,257,260,257,260,262,263,260,263,257,260,261,264,261,264,257,264,265,254,259,255,262,258,268,258,255,261,268,258,261,259,265,261,262,260,253,254,255,262,263,260,263,255,260,257,266,260,260,264,259,262,258,260,265,259
264,267,266,261,257,257,259,266,264,263,264,256,266,255,267,265,263,260,267,259,265,263,258,262,263,263,263,255,265,259,258,260,259,261,262,263,262,264,267,261,255,260,266,256,267,266,258,261,258,261,263,266,262,264,258,262,262,265,262,265,258,265,266,256,261,256,263,259,269,259,257,262,270,259,262,261,266,262,263,261,255,255,257,263,264,261,264,256,261,259,267,262,261,265,262,263,259,261,266,261
265,268,268,262,258,258,260,267,265,264,265,257,267,256,268,266,265,261,268,260,266,264,259,263,264,264,264,256,266,261,259,261,260,262,263,264,263,265,270,262,256,261,268,257,268,267,259,262,259,262,265,267,263,265,260,263,263,266,263,267,259,266,267,261,263,257,265,260,271,261,259,264,271,260,265,262,267,263,265,262,256,257,258,264,265,262,266,259,263,260,268,263,262,266,266,265,261,263,267,262
266,270,269,263,259,260,261,268,266,265,266,259,268,257,269,267,266,262,269,261,267,265,260,265,265,265,265,260,267,262,260,262,261,263,264,265,265,266,272,263,257,263,269,258,269,269,260,263,261,263,266,268,264,267,261,264,264,267,264,268,260,267,268,262,264,258,266,262,272,262,260,265,272,261,269,263,268,264,266,263,257,258,259,266,266,263,268,260,264,261,269,264,263,267,267,266,262,264,269,263
267,271,270,264,260,261,262,270,268,266,267,260,270,258,270,268,267,263,270,263,268,267,262,268,267,266,266,261,268,263,261,263,262,264,265,266,266,267,273,264,259,264,270,259,270,271,261,264,262,264,267,269,265,268,262,265,265,268,265,269,261,269,270,263,266,260,267,263,273,263,261,266,273,262,270,264,269,266,267,264,258,259,260,267,268,264,270,261,265,262,270,265,265,268,269,267,263,265,270,264
268,272,271,265,261,262,264,271,269,267,268,261,271,260,272,269,268,264,271,264,269,268,263,269,268,267,267,267,269,265,262,264,263,265,267,267,267,268,274,265,260,265,271,260,271,272,262,265,263,265,268,270,266,269,263,266,266,269,266,270,262,270,271,265,267,261,268,264,274,265,262,267,274,263,271,266,270,267,268,267,259,260,261,268,269,265,271,262,266,263,272,266,266,270,271,268,264,266,271,265
269,273,272,266,262,263,265,272,270,268,269,262,272,261,273,270,269,265,272,265,270,269,265,271,269,269,269,268,270,266,264,267,264,267,268,268,268,269,275,266,261,266,272,262,272,273,263,266,266,266,269,272,267,270,264,267,267,270,267,271,263,271,272,266,268,262,269,265,275,266,263,268,275,264,272,267,271,268,270,269,260,261,262,269,270,266,273,263,267,265,273,267,267,271,272,269,265,267,272,266
270,274,273,267,263,264,267,274,271,269,271,263,273,262,274,271,270,267,273,266,272,271,266,273,271,270,270,269,271,267,265,268,265,268,269,269,269,270,276,267,262,269,273,265,273,274,264,267,268,268,270,273,268,271,265,270,268,272,268,272,264,272,273,268,269,263,270,266,276,268,264,269,276,265,273,268,273,269,271,270,261,263,265,271,271,269,274,264,268,267,274,268,269,272,274,271,268,269,273,268
271,275,274,268,264,265,268,276,272,270,272,264,274,263,275,272,271,268,274,267,273,272,267,276,273,271,271,271,272,269,267,269,266,269,271,270,270,271,278,268,263,270,274,266,274,275,265,268,271,269,271,274,269,274,266,271,269,273,269,273,266,274,274,269,270,264,271,268,277,270,266,270,277,266,274,269,274,271,272,271,263,265,266,272,272,271,275,265,269,268,275,269,270,273,275,272,269,271,274,269
272,276,275,270,265,266,269,277,273,271,273,265,275,265,276,273,272,269,275,269,274,273,268,277,274,272,272,273,273,270,268,270,267,271,272,271,271,273,279,269,265,271,275,267,275,276,266,269,272,270,272,275,272,275,268,272,270,275,270,274,267,275,275,270,271,265,272,269,278,271,267,271,278,267,275,270,275,272,274,272,264,266,269,273,275,272,276,266,270,269,276,270,271,274,276,274,270,272,275,270
273,278,276,274,267,267,270,279,274,272,274,267,276,268,277,274,274,270,276,270,275,274,269,278,275,274,273,275,274,272,269,271,268,272,273,273,272,274,280,270,268,272,276,268,276,277,267,270,274,271,273,276,273,276,269,273,271,277,272,275,268,276,276,271,272,267,273,270,279,272,268,272,279,268,276,271,276,274,275,273,267,269,270,274,276,274,277,267,271,271,277,271,273,275,278,275,271,273,276,271
274,280,277,275,269,268,271,280,275,273,276,268,277,269,278,275,275,272,277,271,276,275,270,279,277,275,274,277,276,273,272,273,269,273,275,274,273,275,281,271,269,273,277,270,277,279,268,271,276,272,274,278,275,277,270,274,272,278,273,276,269,277,277,272,273,270,274,272,280,273,269,274,280,269,277,272,277,275,276,276,268,270,271,277,277,275,279,271,273,272,278,272,274,276,279,276,272,274,277,272
275,282,278,276,272,270,272,281,277,274,277,269,279,270,280,276,276,273,278,272,278,276,271,280,278,276,275,278,277,274,273,274,270,274,277,276,274,276,282,272,270,274,278,271,278,280,269,272,277,274,275,280,276,278,271,275,273,279,274,277,270,278,278,273,274,272,275,276,281,274,271,275,281,270,278,274,279,277,278,277,271,272,272,278,278,277,280,272,276,273,279,273,275,278,280,277,274,275,278,273
276,283,280,277,273,271,273,282,278,275,278,270,280,271,281,278,277,274,279,273,279,278,272,281,279,277,277,279,279,276,274,275,271,275,278,277,275,277,283,273,271,275,279,272,279,281,270,273,278,275,277,281,277,279,272,277,274,280,275,278,271,279,279,275,277,273,276,277,282,275,274,276,282,271,279,275,280,279,279,278,272,273,274,279,279,278,282,274,279,277,280,274,276,279,281,278,275,276,280,274
278,284,281,278,274,272,275,283,279,276,279,271,281,273,282,279,278,277,280,275,280,279,273,282,280,278,279,280,280,278,275,276,272,277,280,278,276,278,284,274,273,276,280,273,280,282,272,274,279,278,278,282,278,280,273,279,275,281,276,279,272,280,280,277,278,276,277,278,283,276,277,278,283,273,280,277,281,280,280,279,273,274,275,280,280,279,283,276,280,278,281,276,277,280,282,279,276,277,281,276
279,285,282,279,275,274,276,284,280,277,280,272,282,274,284,280,279,278,281,276,281,280,274,283,281,280,280,282,281,280,276,277,273,279,281,279,278,279,285,275,275,278,281,275,281,284,274,275,280,280,280,283,280,282,274,281,276,282,277,280,273,281,281,278,280,277,278,279,286,277,279,279,284,274,282,278,282,281,281,280,274,275,277,281,281,280,284,277,281,279,282,277,278,282,283,280,277,279,282,277
280,286,283,280,278,275,277,285,281,278,281,273,283,276,285,281,280,280,282,277,282,281,275,284,282,281,282,283,283,281,277,278,275,280,282,280,279,280,286,276,276,279,282,276,282,285,275,276,281,281,281,284,281,283,275,282,277,283,278,282,274,282,282,279,281,278,279,280,288,278,280,280,285,275,283,279,283,282,282,281,275,276,279,282,283,281,286,278,282,280,283,278,280,283,284,281,278,280,283,279
284,288,285,282,279,277,278,286,283,279,282,274,285,277,286,282,283,281,283,280,283,282,276,285,283,282,283,284,284,282,280,279,276,281,283,281,280,283,287,277,277,280,283,277,283,286,276,277,282,283,282,285,282,284,276,283,278,284,281,283,275,283,283,280,282,279,280,281,289,279,281,281,286,276,284,281,284,283,283,282,276,279,280,283,284,282,287,279,283,282,284,279,281,284,286,282,279,281,284,280
285,290,286,283,282,278,279,287,284,280,284,275,286,278,287,283,284,282,284,281,286,283,278,286,284,283,284,285,285,283,281,280,277,283,284,282,281,284,288,278,279,281,284,278,284,288,278,278,283,284,283,286,283,285,277,284,279,285,283,284,276,284,286,282,283,280,283,282,290,281,282,282,287,277,286,282,286,284,284,284,277,282,281,284,285,283,288,280,284,284,285,280,282,285,287,283,281,282,285,281
286,291,288,285,283,279,280,288,286,282,285,276,287,280,288,285,285,283,285,282,287,285,279,287,285,284,285,286,288,284,283,281,278,284,285,283,282,285,289,280,280,282,285,279,285,289,279,279,284,285,284,288,284,286,278,285,280,286,284,285,278,285,287,283,284,281,284,283,291,282,283,283,288,278,287,284,287,286,285,285,278,283,282,285,286,284,289,281,285,285,286,281,283,286,288,284,282,283,286,282
287,292,290,286,284,280,281,289,287,283,286,277,288,282,289,286,286,285,286,283,288,286,280,288,286,285,288,288,289,285,284,285,279,286,287,284,284,286,290,281,282,283,286,280,286,290,280,280,287,286,285,289,285,287,279,286,281,287,286,286,281,286,288,284,286,282,285,284,292,284,285,285,289,280,288,285,288,287,286,286,279,284,283,286,287,286,291,284,286,287,287,283,285,289,289,285,283,284,287,287
288,293,291,287,285,281,283,291,288,285,287,278,290,283,290,287,287,286,287,285,289,287,282,289,287,286,289,290,290,287,285,286,282,287,288,285,285,287,291,283,283,284,289,281,287,292,282,281,288,287,286,290,286,288,280,287,282,288,287,287,282,287,289,285,287,283,287,285,293,286,286,287,290,281,289,287,290,288,287,287,280,286,285,287,288,287,292,286,287,288,288,284,287,290,290,286,284,285,289,288
289,294,293,288,287,282,284,292,291,286,289,279,291,284,291,288,288,287,288,286,291,289,283,290,288,287,290,291,292,288,286,287,284,288,292,286,287,288,292,284,284,286,290,282,288,293,284,283,289,288,287,292,288,290,282,289,283,289,288,288,283,289,290,286,288,284,288,286,294,287,289,289,291,282,290,288,291,289,288,288,281,287,286,288,289,288,293,287,289,289,291,286,288,292,292,287,285,286,290,291
290,296,294,289,288,283,287,294,292,287,291,280,292,287,292,290,289,288,289,287,292,291,284,291,289,288,291,292,293,291,287,288,286,289,293,289,288,289,293,285,285,287,291,284,289,294,285,285,290,292,288,293,290,291,283,290,284,290,289,289,285,290,291,288,289,285,289,287,295,288,290,290,292,283,291,289,292,290,290,289,283,288,287,289,290,289,294,290,290,292,292,288,289,293,293,288,286,287,291,292
291,297,295,290,289,284,288,296,293,288,293,282,293,288,293,291,290,289,290,291,293,292,285,292,290,290,292,294,294,292,288,289,287,290,294,291,289,291,295,287,286,288,292,285,291,295,287,287,291,293,289,294,292,293,285,291,285,293,290,290,286,291,292,289,291,286,290,289,296,289,291,291,293,289,292,291,293,291,291,290,284,289,288,290,291,290,295,291,291,293,293,289,290,294,295,289,288,288,292,293
294,298,296,291,290,285,290,297,294,289,294,283,294,289,294,292,291,290,291,292,294,294,286,293,291,291,293,295,295,293,289,290,288,291,296,292,290,292,296,288,287,289,294,288,292,296,288,289,292,294,291,295,293,294,286,292,286,294,291,291,287,292,293,290,292,289,291,291,297,290,292,292,294,290,294,292,295,292,292,291,287,292,289,291,292,291,296,292,292,294,294,290,291,295,296,290,289,289,293,294
295,299,297,292,291,286,291,298,295,290,295,285,295,290,295,293,292,291,292,294,295,295,287,294,292,292,294,296,296,294,290,294,289,292,297,293,291,293,297,289,288,291,296,289,293,297,289,290,294,295,294,296,294,296,287,293,288,295,293,292,289,293,294,292,294,290,292,292,298,292,293,293,295,291,295,293,296,294,293,293,290,293,290,292,294,292,297,293,296,295,295,291,292,296,297,291,290,290,294,295
296,300,298,293,292,289,292,299,296,291,296,289,296,291,296,294,293,292,294,296,296,296,289,295,294,293,295,297,297,296,291,296,290,293,298,294,293,295,299,290,292,292,297,290,294,298,291,292,295,297,295,298,295,297,288,294,290,296,294,295,290,294,295,294,295,293,293,293,299,294,294,295,296,292,297,294,297,296,296,294,292,294,291,293,295,293,298,294,297,296,296,292,293,297,298,292,291,292,295,298
297,301,299,295,293,290,294,300,298,294,297,290,297,292,297,295,294,293,295,298,297,297,290,296,295,294,296,298,300,297,292,297,292,295,301,295,294,296,300,292,293,294,298,292,298,299,292,293,297,299,297,300,296,298,289,296,291,297,296,296,292,295,297,295,296,294,295,296,300,295,295,296,297,293,298,295,299,297,297,295,294,295,292,294,296,294,299,296,298,297,297,293,294,298,300,293,292,294,296,299
298,302,300,296,294,291,296,301,299,297,298,291,298,293,298,296,295,295,298,299,298,298,291,297,296,295,298,299,301,298,293,298,293,296,302,296,295,298,301,294,294,295,299,293,299,300,293,294,298,300,298,301,297,299,291,297,292,298,297,298,293,296,299,296,297,295,296,297,301,296,296,297,298,294,299,296,300,299,299,297,295,296,293,295,297,296,300,297,299,298,298,294,295,299,301,294,293,295,297,300
299,303,301,297,295,292,297,302,300,298,299,293,300,294,299,297,296,296,299,300,299,300,292,298,297,296,299,300,302,299,294,300,294,297,304,297,296,299,302,296,298,297,300,294,300,301,294,295,300,301,299,303,298,300,292,298,293,299,298,299,295,298,300,297,298,296,297,299,302,298,298,299,299,295,300,298,301,300,301,298,296,297,296,296,298,298,301,298,300,299,299,295,296,300,302,295,295,296,298,301
300,304,302,299,297,294,298,303,301,299,300,295,301,295,300,298,297,298,300,301,300,301,293,299,298,298,300,301,303,301,295,301,295,298,305,298,297,300,303,297,299,298,301,295,301,302,297,297,301,302,301,304,301,301,294,299,295,300,299,300,296,299,301,298,299,297,299,300,303,299,300,300,300,296,302,299,302,301,302,299,297,298,299,297,300,299,302,301,302,300,300,296,297,301,303,297,297,298,300,303
301,305,303,300,299,297,299,304,302,301,301,296,302,297,301,299,299,299,301,302,301,302,294,300,300,299,302,302,304,302,299,302,296,300,306,299,298,301,304,298,301,299,302,296,302,303,298,298,303,303,303,305,302,302,295,300,296,302,300,301,297,300,302,299,300,298,300,301,304,300,303,301,301,298,303,300,303,302,303,300,298,299,300,298,301,300,303,303,303,301,301,297,298,302,304,298,298,299,301,305
302,306,304,301,300,298,302,305,303,302,302,297,303,299,302,300,300,302,302,304,302,304,295,301,301,300,304,303,305,303,300,303,297,301,307,300,299,302,305,299,302,301,303,300,303,304,299,299,304,304,305,306,303,303,296,301,297,304,301,302,298,301,303,301,302,299,302,302,305,301,304,302,302,299,304,301,304,304,304,301,300,300,301,299,302,301,304,304,304,303,302,299,299,303,306,299,299,300,302,306
303,307,305,302,301,300,303,306,304,303,303,298,305,300,303,301,301,303,303,305,303,305,297,302,302,301,305,304,306,304,301,305,298,303,308,301,300,303,306,300,303,302,304,301,304,305,300,300,305,305,306,307,304,306,297,302,298,305,302,303,299,302,304,302,303,300,303,303,306,302,306,303,303,300,305,303,305,305,306,303,301,301,302,300,306,302,305,305,305,304,303,300,300,304,307,300,300,301,303,308
304,308,306,306,305,301,304,307,305,304,304,299,306,301,305,302,304,304,304,306,304,306,298,303,303,302,306,305,307,305,302,307,299,304,309,302,301,304,307,301,304,303,305,303,305,306,301,301,306,306,307,308,305,307,298,303,300,307,304,306,302,303,305,303,304,301,305,305,307,303,307,305,305,301,306,304,306,306,307,304,302,303,303,302,307,303,306,307,306,305,304,301,301,305,308,301,301,303,304,309
305,309,307,307,307,302,305,308,306,305,305,300,307,302,306,305,305,305,306,307,305,307,299,304,304,303,307,306,308,306,303,308,301,305,310,303,302,305,308,302,307,304,306,304,306,307,302,303,307,307,308,309,306,309,299,304,301,308,305,307,303,304,306,304,306,304,307,307,308,304,308,306,307,302,307,306,307,307,308,305,303,304,304,303,310,304,307,308,307,306,305,302,302,306,309,303,302,304,305,310
307,310,308,309,309,303,306,310,307,307,306,302,308,305,307,306,306,306,307,308,306,308,303,305,306,304,308,307,309,307,304,309,303,306,311,305,303,306,309,303,308,305,307,305,307,308,303,305,308,308,309,311,308,310,300,305,302,309,306,308,304,306,307,305,309,305,308,308,309,305,309,307,308,303,308,307,308,308,309,306,306,305,305,306,311,305,308,309,308,307,306,303,303,307,310,305,305,305,307,311
308,312,309,310,310,305,307,311,308,308,307,303,309,306,308,309,308,307,308,309,307,309,305,306,308,305,309,308,310,308,305,310,304,309,312,307,304,307,310,304,310,306,308,306,308,309,304,306,309,309,310,312,309,311,301,307,304,310,307,309,305,307,308,306,310,306,309,309,310,308,310,308,309,305,309,308,309,309,310,307,307,306,306,307,312,306,309,310,309,308,307,304,305,308,311,306,306,306,308,312
309,313,310,311,311,306,308,312,309,309,308,305,310,308,309,311,309,308,309,313,308,311,306,308,311,306,310,309,311,309,306,311,305,310,313,308,305,308,311,306,311,308,309,307,309,311,305,307,310,310,311,313,310,312,303,309,305,312,309,311,308,309,309,307,311,307,311,310,311,309,311,309,311,309,310,309,311,310,311,308,309,307,308,308,313,307,310,311,310,310,308,305,307,309,312,309,307,307,309,313
310,314,311,312,312,307,309,313,310,311,309,306,312,309,310,312,312,309,311,314,309,313,307,310,312,308,311,310,312,310,307,312,306,311,314,309,306,311,312,307,312,309,310,308,310,312,307,308,311,311,312,314,311,313,304,311,306,313,310,312,309,311,310,308,312,308,312,312,312,311,312,311,312,310,311,310,312,311,312,309,311,308,309,309,314,308,312,312,311,311,310,306,308,310,313,310,308,309,310,314
311,315,312,313,313,308,310,314,313,312,310,309,313,310,311,313,314,310,312,315,310,314,308,311,313,309,312,311,313,311,308,313,309,313,315,310,308,312,313,308,314,310,312,309,312,313,308,309,312,312,313,315,312,314,306,312,308,314,311,313,312,313,311,309,313,309,313,313,313,312,313,312,314,312,312,312,313,312,313,310,312,309,310,312,315,310,313,313,312,312,311,307,309,311,314,311,309,310,311,315
313,316,313,314,314,309,311,315,314,313,311,310,314,311,312,316,315,311,313,316,312,315,309,312,314,310,313,312,314,312,309,314,310,314,316,311,310,313,314,311,315,312,313,310,313,314,309,310,313,314,314,316,313,315,307,313,310,315,313,314,313,314,312,311,314,310,314,314,314,313,314,314,315,313,314,313,314,313,314,311,313,310,311,314,316,311,314,314,313,313,312,309,310,314,315,312,310,314,312,316
314,317,314,315,315,310,312,316,315,314,314,311,315,312,313,317,316,312,314,317,314,316,310,313,315,311,314,314,315,313,310,315,311,315,317,312,311,314,316,312,316,314,314,312,315,315,310,312,314,316,315,317,315,316,310,314,311,316,314,315,315,315,313,312,315,311,315,315,315,314,316,315,316,314,315,314,315,314,315,313,314,311,312,315,317,312,315,315,314,314,314,311,311,315,316,313,311,315,313,317
316,318,315,316,316,311,313,317,316,315,316,312,316,313,314,318,317,313,315,318,316,317,312,314,316,313,315,315,317,314,312,316,312,316,318,313,312,315,317,314,317,315,315,313,316,316,311,313,316,317,316,318,316,317,312,315,312,317,315,316,316,316,314,313,316,312,316,317,316,315,317,316,317,315,316,315,316,317,316,314,315,312,313,317,318,313,317,317,316,315,315,316,312,316,317,314,313,316,315,318
317,319,316,317,317,312,314,319,317,316,317,313,317,314,316,319,318,314,316,319,317,318,313,315,317,317,316,316,318,315,313,317,313,317,319,314,314,316,318,315,318,316,316,314,317,317,314,317,317,318,317,319,318,318,313,316,313,318,316,317,317,318,315,315,317,313,317,318,317,316,318,317,318,316,317,316,317,318,317,317,316,314,317,319,319,315,318,319,318,316,316,317,314,317,318,315,314,317,316,319
318,320,317,318,318,313,315,320,318,317,318,314,318,316,317,320,319,315,317,320,318,319,315,316,318,318,317,317,319,317,315,318,314,318,320,315,315,317,319,316,319,318,317,315,318,318,315,318,318,319,318,320,319,319,315,317,315,319,317,319,318,319,316,316,318,314,318,319,318,317,319,319,319,317,318,317,318,319,318,318,318,316,318,320,320,317,320,320,319,317,317,318,315,318,319,316,315,318,317,320
319,321,318,319,320,314,316,321,319,319,319,315,320,317,319,321,320,316,318,321,319,320,317,317,319,319,318,319,320,318,317,319,316,319,321,316,316,318,320,317,320,319,318,316,319,319,316,319,319,321,319,321,320,320,316,320,316,320,318,320,319,320,318,317,319,315,319,320,319,318,320,320,321,318,319,318,319,321,319,319,319,317,319,321,321,318,321,321,320,318,318,319,317,319,320,318,318,319,318,321
321,322,319,320,321,316,318,322,320,320,321,317,321,318,320,322,321,317,320,322,320,321,318,318,320,321,319,321,321,319,318,320,317,320,322,317,317,320,321,318,321,320,319,317,320,320,318,320,320,322,320,322,322,321,317,321,317,321,319,321,320,321,319,318,320,317,320,321,320,320,321,321,322,319,320,320,320,322,320,321,321,318,320,322,322,319,322,322,321,320,320,320,319,320,321,319,319,320,319,322
322,323,320,321,322,317,320,323,321,322,323,318,322,319,322,323,323,318,322,323,321,322,319,320,321,322,320,322,322,320,319,321,318,321,323,318,318,321,322,319,322,321,320,319,322,321,320,323,322,323,321,323,323,322,318,322,319,322,320,323,321,322,322,319,321,318,321,323,321,321,323,322,323,320,321,322,321,323,321,322,323,321,321,323,323,320,323,323,322,321,322,322,320,323,322,320,320,321,320,323
323,324,321,322,323,320,321,324,322,324,324,321,323,321,323,324,324,321,323,324,322,323,321,322,323,323,322,323,323,321,320,323,319,322,324,319,319,322,323,322,323,323,321,320,323,322,321,324,323,324,322,324,324,323,319,323,320,323,323,324,322,323,324,320,324,321,323,324,323,322,324,323,324,321,322,323,322,324,322,323,324,322,322,324,324,321,324,324,323,322,323,323,321,324,323,321,321,322,321,324
324,325,322,324,324,321,322,325,323,325,325,322,325,322,325,325,325,324,325,325,323,324,322,323,324,324,323,324,324,322,322,324,322,323,325,320,322,323,324,323,324,324,322,321,324,323,322,325,324,325,324,325,325,324,320,325,322,324,324,325,323,324,325,323,325,322,324,325,324,323,325,324,325,322,323,324,323,325,323,324,325,323,323,325,325,322,325,325,324,324,324,324,323,325,324,323,323,324,322,325
325,326,325,326,325,322,324,326,324,326,326,323,326,323,326,326,326,326,326,326,324,325,323,324,325,325,324,325,325,324,323,326,325,325,326,322,324,325,326,324,325,325,323,322,325,325,324,326,325,326,326,326,326,326,322,326,325,326,325,326,324,326,326,326,326,325,325,326,326,324,326,325,326,326,324,325,325,326,324,325,326,325,324,326,326,323,326,326,325,325,325,325,324,326,325,324,324,325,323,326
327,327,326,327,326,324,326,327,325,327,327,324,327,324,327,327,327,327,327,327,325,327,325,326,326,327,326,326,326,325,324,327,326,326,327,323,326,326,327,325,327,326,325,323,326,326,326,327,326,327,327,327,327,327,325,327,326,327,326,327,325,327,327,327,327,326,326,327,327,325,327,326,327,327,326,327,326,327,325,327,327,326,325,327,327,327,327,327,326,326,326,326,325,327,327,326,325,326,324,327
328,328,327,328,327,327,328,328,326,328,328,327,328,326,328,328,328,328,328,328,326,328,327,327,327,328,327,327,328,326,325,328,328,328,328,324,327,327,328,327,328,327,328,326,327,327,327,328,327,328,328,328,328,328,326,328,327,328,327,328,326,328,328,328,328,327,327,328,328,327,328,327,328,328,328,328,328,328,327,328,328,327,328,328,328,328,328,328,327,328,328,328,326,328,328,328,328,327,328,328
329,329,328,329,328,328,329,329,327,329,329,328,329,329,329,329,329,329,329,329,327,329,328,329,328,329,328,328,329,327,327,329,329,329,329,329,329,328,329,329,329,328,329,329,328,329,328,329,328,329,329,329,329,329,329,329,329,329,329,329,327,329,329,329,329,328,329,329,329,328,329,328,329,329,329,329,329,329,328,329,329,328,329,329,329,329,329,329,328,329,329,329,328,329,329,329,329,328,329,329
