opf_cluster,Comparison,Z,P.unadj,P.adj
SRR5665184_k101_12618_1,Adenoma - Cancer,-0.41897795393698434,0.6752322443915152,0.6752322443915152
SRR5665184_k101_12618_1,Adenoma - Normal,-3.6733648519591444,2.3937730880274852e-4,7.181319264082456e-4
SRR5665184_k101_12618_1,Cancer - Normal,-3.2543868980221604,0.0011363739949885958,0.0017045609924828938
SRR5665186_k101_81805_1,Adenoma - Cancer,-0.35467006324359585,0.7228367808397671,0.7228367808397671
SRR5665186_k101_81805_1,Adenoma - Normal,-3.5467006324359582,3.9008758808529786e-4,0.0011702627642558936
SRR5665186_k101_81805_1,Cancer - Normal,-3.1920305691923625,0.0014127638000125382,0.0021191457000188075
SRR5665186_k101_28123_1,Adenoma - Cancer,-1.2249211853514037,0.2206049174244978,0.2206049174244978
SRR5665186_k101_28123_1,Adenoma - Normal,-3.9875093906120154,6.677056229809442e-5,2.0031168689428326e-4
SRR5665186_k101_28123_1,Cancer - Normal,-2.7625882052606117,0.005734506494411129,0.008601759741616692
SRR5665187_k101_19843_6,Adenoma - Cancer,-0.9917369030296733,0.3213258842597767,0.3213258842597767
SRR5665187_k101_19843_6,Adenoma - Normal,-3.728774576351724,1.9241317802970226e-4,5.772395340891067e-4
SRR5665187_k101_19843_6,Cancer - Normal,-2.737037673322051,0.00619951929308043,0.009299278939620646
SRR5665187_k101_66109_4,Adenoma - Cancer,-0.8165365935657006,0.41419330302015334,0.41419330302015334
SRR5665187_k101_66109_4,Adenoma - Normal,-3.5514422924965974,3.8312599761055927e-4,0.0011493779928316778
SRR5665187_k101_66109_4,Cancer - Normal,-2.734905698930897,0.006239814926675102,0.009359722390012653
SRR5665187_k101_88989_8,Adenoma - Cancer,-0.635552496099048,0.5250681402042079,0.5250681402042079
SRR5665187_k101_88989_8,Adenoma - Normal,-3.40154857067096,6.700522051619136e-4,0.002010156615485741
SRR5665187_k101_88989_8,Cancer - Normal,-2.765996074571912,0.0056749217912199085,0.008512382686829863
SRR5665187_k101_116104_3,Adenoma - Cancer,-0.4259459080674551,0.6701472618281126,0.6701472618281126
SRR5665187_k101_116104_3,Adenoma - Normal,-3.2306358873423835,0.001235151761919338,0.0037054552857580143
SRR5665187_k101_116104_3,Cancer - Normal,-2.8046899792749285,0.005036499696737707,0.007554749545106561
SRR5665187_k101_55124_1,Adenoma - Cancer,-0.04222211872383452,0.966321630089073,0.966321630089073
SRR5665187_k101_55124_1,Adenoma - Normal,-2.9977704293922174,0.002719624524280312,0.008158873572840935
SRR5665187_k101_55124_1,Cancer - Normal,-2.955548310668383,0.0031211381212354,0.0046817071818531005
SRR5665186_k101_36002_4,Adenoma - Cancer,-0.43581638455434707,0.6629699552159057,0.6629699552159057
SRR5665186_k101_36002_4,Adenoma - Normal,-3.17984547248913,0.0014735360712744981,0.004420608213823495
SRR5665186_k101_36002_4,Cancer - Normal,-2.744029087934783,0.006069015995763026,0.00910352399364454
SRR5665186_k101_43262_1,Adenoma - Cancer,-0.43581638455434707,0.6629699552159057,0.6629699552159057
SRR5665186_k101_43262_1,Adenoma - Normal,-3.17984547248913,0.0014735360712744981,0.004420608213823495
SRR5665186_k101_43262_1,Cancer - Normal,-2.744029087934783,0.006069015995763026,0.00910352399364454
SRR5665186_k101_59625_2,Adenoma - Cancer,-1.1244524943529206,0.2608211130485277,0.2608211130485277
SRR5665186_k101_59625_2,Adenoma - Normal,-3.749293839379737,1.773332086628987e-4,5.319996259886961e-4
SRR5665186_k101_59625_2,Cancer - Normal,-2.6248413450268164,0.00866893507625432,0.01300340261438148
SRR5665187_k101_83326_2,Adenoma - Cancer,-0.3782280628117889,0.705261180112363,0.705261180112363
SRR5665187_k101_83326_2,Adenoma - Normal,-3.1203815181972585,0.0018061694139854451,0.005418508241956336
SRR5665187_k101_83326_2,Cancer - Normal,-2.7421534553854694,0.0061037818596495885,0.009155672789474382
SRR5665187_k101_11924_2,Adenoma - Cancer,-0.042242447140382465,0.9663054248173935,0.9663054248173935
SRR5665187_k101_11924_2,Adenoma - Normal,-2.948522810398663,0.003192965752731693,0.00957889725819508
SRR5665187_k101_11924_2,Cancer - Normal,-2.9062803632582805,0.0036575357169280607,0.005486303575392091
SRR5665187_k101_78912_2,Adenoma - Cancer,-0.5686198326896937,0.5696141626857107,0.5696141626857107
SRR5665187_k101_78912_2,Adenoma - Normal,-3.2124089516902288,0.001316268625093639,0.003948805875280917
SRR5665187_k101_78912_2,Cancer - Normal,-2.643789119000535,0.00819837160120607,0.012297557401809106
SRR5665187_k101_73730_2,Adenoma - Cancer,-1.3287051415121447,0.18394526799192637,0.18394526799192637
SRR5665187_k101_73730_2,Adenoma - Normal,-3.874410125028777,1.0688327948828142e-4,3.2064983846484427e-4
SRR5665187_k101_73730_2,Cancer - Normal,-2.5457049835166323,0.010905731299922566,0.016358596949883848
SRR5665186_k101_22383_1,Adenoma - Cancer,-0.31510385712390593,0.7526828000312619,0.7526828000312619
SRR5665186_k101_22383_1,Adenoma - Normal,-3.0204955447162973,0.0025236142087579935,0.00757084262627398
SRR5665186_k101_22383_1,Cancer - Normal,-2.7053916875923916,0.006822389277144527,0.01023358391571679
SRR5665184_k101_53091_1,Adenoma - Cancer,-0.4897548173543075,0.6243074065615544,0.6243074065615544
SRR5665184_k101_53091_1,Adenoma - Normal,-3.126896141569809,0.001766623236406597,0.005299869709219791
SRR5665184_k101_53091_1,Cancer - Normal,-2.6371413242155017,0.008360799112559353,0.01254119866883903
SRR5665186_k101_44916_1,Adenoma - Cancer,-0.7697501944423666,0.44144808897242444,0.44144808897242444
SRR5665186_k101_44916_1,Adenoma - Normal,-3.3225926114537625,8.918506068507745e-4,0.0026755518205523235
SRR5665186_k101_44916_1,Cancer - Normal,-2.5528424170113957,0.010684782576046048,0.016027173864069072
SRR5665187_k101_14811_1,Adenoma - Cancer,-0.3609264075056555,0.7181544619923068,0.7181544619923068
SRR5665187_k101_14811_1,Adenoma - Normal,-3.029882210376426,0.002446491319349321,0.007339473958047963
SRR5665187_k101_14811_1,Cancer - Normal,-2.6689558028707703,0.007608746172930762,0.011413119259396143
SRR5665184_k101_10337_1,Adenoma - Cancer,-0.4233478798609673,0.6720414658323303,0.6720414658323303
SRR5665184_k101_10337_1,Adenoma - Normal,-3.062516577717644,0.002194843178229163,0.006584529534687489
SRR5665184_k101_10337_1,Cancer - Normal,-2.6391686978566766,0.008310961239485602,0.012466441859228402
SRR5665186_k101_24141_1,Adenoma - Cancer,-0.28367880818043195,0.7766565364634267,0.7766565364634267
SRR5665186_k101_24141_1,Adenoma - Normal,-2.971873228556906,0.0029598887208465113,0.008879666162539534
SRR5665186_k101_24141_1,Cancer - Normal,-2.688194420376474,0.0071839555387651225,0.010775933308147684
SRR5665184_k101_53476_1,Adenoma - Cancer,-1.1321352811297687,0.25757756400786747,0.25757756400786747
SRR5665184_k101_53476_1,Adenoma - Normal,-3.622832899615257,2.9139407726709615e-4,8.741822318012885e-4
SRR5665184_k101_53476_1,Cancer - Normal,-2.490697618485488,0.012749257307842904,0.019123885961764356
SRR5665186_k101_37173_2,Adenoma - Cancer,-0.7896802686025085,0.4297145174613798,0.4297145174613798
SRR5665186_k101_37173_2,Adenoma - Normal,-3.3049581611882717,9.499057895049546e-4,0.002849717368514864
SRR5665186_k101_37173_2,Cancer - Normal,-2.5152778925857633,0.01189385930200596,0.01784078895300894
SRR5665186_k101_43798_1,Adenoma - Cancer,-0.9363856626163626,0.34907465714693897,0.34907465714693897
SRR5665186_k101_43798_1,Adenoma - Normal,-3.415053593071439,6.376946312676781e-4,0.001913083893803034
SRR5665186_k101_43798_1,Cancer - Normal,-2.4786679304550767,0.013187401680373015,0.01978110252055952
SRR5665186_k101_36956_1,Adenoma - Cancer,-0.7990068052221057,0.4242864660172069,0.4242864660172069
SRR5665186_k101_36956_1,Adenoma - Normal,-3.2934670751837984,9.89599310096958e-4,0.002968797930290874
SRR5665186_k101_36956_1,Cancer - Normal,-2.4944602699616927,0.012614884781034195,0.018922327171551293
SRR5665187_k101_14811_6,Adenoma - Cancer,-0.5100169167726022,0.6100396102300556,0.6100396102300556
SRR5665187_k101_14811_6,Adenoma - Normal,-3.066137203792683,0.0021684378498551516,0.006505313549565454
SRR5665187_k101_14811_6,Cancer - Normal,-2.556120287020081,0.010584652236284435,0.01587697835442665
SRR5665187_k101_1192_1,Adenoma - Cancer,-1.1487993041444406,0.2506387463873647,0.2506387463873647
SRR5665187_k101_1192_1,Adenoma - Normal,-3.598126122414666,3.205181901263249e-4,9.615545703789746e-4
SRR5665187_k101_1192_1,Cancer - Normal,-2.4493268182702255,0.014312351794650865,0.021468527691976297
SRR5665187_k101_13655_1,Adenoma - Cancer,-0.009740865956596354,0.9922280363510173,0.9922280363510173
SRR5665187_k101_13655_1,Adenoma - Normal,-2.8102398284781267,0.004950459557575728,0.014851378672727183
SRR5665187_k101_13655_1,Cancer - Normal,-2.80049896252153,0.005102367149098794,0.007653550723648191
SRR5665186_k101_18511_1,Adenoma - Cancer,-0.6416295896212849,0.5211137159413863,0.5211137159413863
SRR5665186_k101_18511_1,Adenoma - Normal,-3.1574929805047502,0.0015913206790874575,0.0047739620372623725
SRR5665186_k101_18511_1,Cancer - Normal,-2.5158633908834656,0.011874119753291074,0.017811179629936613
SRR5665184_k101_26499_1,Adenoma - Cancer,-0.8099970605472828,0.41794186515978454,0.41794186515978454
SRR5665184_k101_26499_1,Adenoma - Normal,-3.2887832458365565,0.0010062148187281004,0.0030186444561843013
SRR5665184_k101_26499_1,Cancer - Normal,-2.4787861852892736,0.013183030615557378,0.019774545923336065
SRR5665184_k101_19974_2,Adenoma - Cancer,-0.10485922938098469,0.9164875107958426,0.9164875107958426
SRR5665184_k101_19974_2,Adenoma - Normal,-2.816219303375018,0.0048592484497706895,0.014577745349312068
SRR5665184_k101_19974_2,Cancer - Normal,-2.711360073994033,0.006700781614838464,0.010051172422257696
SRR5665186_k101_69372_1,Adenoma - Cancer,-0.36359278023661906,0.7161621188502993,0.7161621188502993
SRR5665186_k101_69372_1,Adenoma - Normal,-2.9357863329849336,0.003327034006480888,0.009981102019442663
SRR5665186_k101_69372_1,Cancer - Normal,-2.5721935527483146,0.010105637692687248,0.015158456539030873
SRR5665187_k101_23021_2,Adenoma - Cancer,-0.10550987970760746,0.9159712308753993,0.9159712308753993
SRR5665187_k101_23021_2,Adenoma - Normal,-2.801873472235331,0.005080679575553492,0.015242038726660478
SRR5665187_k101_23021_2,Cancer - Normal,-2.696363592527723,0.007010110251115637,0.010515165376673456
SRR5665186_k101_58463_1,Adenoma - Cancer,-0.3002869170842002,0.7639583116838193,0.7639583116838193
SRR5665186_k101_58463_1,Adenoma - Normal,-2.8920837062866647,0.0038269597068295294,0.011480879120488587
SRR5665186_k101_58463_1,Cancer - Normal,-2.5917967892024643,0.009547614902564583,0.014321422353846876
SRR5665184_k101_23497_1,Adenoma - Cancer,-0.837982746940256,0.40204039339162434,0.40204039339162434
SRR5665184_k101_23497_1,Adenoma - Normal,-3.254491133465648,0.0011359570603376337,0.003407871181012901
SRR5665184_k101_23497_1,Cancer - Normal,-2.416508386525392,0.015670165246190772,0.023505247869286157
SRR5665184_k101_26737_2,Adenoma - Cancer,-0.8761059327376164,0.3809724478290445,0.3809724478290445
SRR5665184_k101_26737_2,Adenoma - Normal,-3.282879701982334,0.0010275250380708902,0.0030825751142126707
SRR5665184_k101_26737_2,Cancer - Normal,-2.4067737692447175,0.016094136189087158,0.024141204283630736
SRR5665185_k101_36918_2,Adenoma - Cancer,-0.3615230013108848,0.7177085134900809,0.7177085134900809
SRR5665185_k101_36918_2,Adenoma - Normal,-2.8921840104870813,0.0038257380633144734,0.01147721418994342
SRR5665185_k101_36918_2,Cancer - Normal,-2.5306610091761965,0.011384781943968095,0.017077172915952142
SRR5665187_k101_77001_29,Adenoma - Cancer,-0.22792635012755852,0.8197034973815261,0.8197034973815261
SRR5665187_k101_77001_29,Adenoma - Normal,-2.82135860428166,0.00478207132925262,0.014346213987757858
SRR5665187_k101_77001_29,Cancer - Normal,-2.5934322541541017,0.0095023257895407,0.014253488684311049
SRR5665184_k101_47908_24,Adenoma - Cancer,-0.47404917095997035,0.6354648436727437,0.6354648436727437
SRR5665184_k101_47908_24,Adenoma - Normal,-2.9570060174565964,0.0031064205546802396,0.009319261664040719
SRR5665184_k101_47908_24,Cancer - Normal,-2.482956846496626,0.013029687114589494,0.01954453067188424
SRR5665187_k101_85259_2,Adenoma - Cancer,-1.101499518298486,0.27067931402740875,0.27067931402740875
SRR5665187_k101_85259_2,Adenoma - Normal,-3.4524611767564477,5.5549740789486e-4,0.0016664922236845799
SRR5665187_k101_85259_2,Cancer - Normal,-2.350961658457962,0.018724963212408227,0.02808744481861234
SRR5665187_k101_12478_1,Adenoma - Cancer,-0.30171689118374717,0.762867890718246,0.762867890718246
SRR5665187_k101_12478_1,Adenoma - Normal,-2.826208854126242,0.00471025415053512,0.014130762451605359
SRR5665187_k101_12478_1,Cancer - Normal,-2.5244919629424944,0.011586565429636916,0.017379848144455375
SRR5665185_k101_7912_1,Adenoma - Cancer,-0.056570232138275535,0.9548875478698958,0.9548875478698958
SRR5665185_k101_7912_1,Adenoma - Normal,-2.715371142637243,0.006620153337004741,0.019860460011014224
SRR5665185_k101_7912_1,Cancer - Normal,-2.6588009104989676,0.007841928756436769,0.011762893134655153
SRR5665187_k101_50369_2,Adenoma - Cancer,-0.30078526373528663,0.763578246190576,0.763578246190576
SRR5665187_k101_50369_2,Adenoma - Normal,-2.819861847518311,0.004804432905992769,0.014413298717978307
SRR5665187_k101_50369_2,Cancer - Normal,-2.5190765837830247,0.011766306157661801,0.0176494592364927
SRR5665184_k101_41784_4,Adenoma - Cancer,-0.3570265204089197,0.7210719519632731,0.7210719519632731
SRR5665184_k101_41784_4,Adenoma - Normal,-2.8314949426276654,0.004633096625926354,0.013899289877779062
SRR5665184_k101_41784_4,Cancer - Normal,-2.4744684222187456,0.01334346162038737,0.020015192430581058
SRR5665185_k101_6861_2,Adenoma - Cancer,-0.07564096218354993,0.939704746687091,0.939704746687091
SRR5665185_k101_6861_2,Adenoma - Normal,-2.6990070597311933,0.006954670099766281,0.02086401029929884
SRR5665185_k101_6861_2,Cancer - Normal,-2.623366097547643,0.00870656614660399,0.013059849219905984
SRR5665184_k101_28943_2,Adenoma - Cancer,-0.46879159446583824,0.6392186086901923,0.6392186086901923
SRR5665184_k101_28943_2,Adenoma - Normal,-2.8927871560940726,0.0038183995889205483,0.011455198766761645
SRR5665184_k101_28943_2,Cancer - Normal,-2.4239955616282343,0.015350793097235745,0.023026189645853616
SRR5665184_k101_39073_1,Adenoma - Cancer,-0.46879159446583824,0.6392186086901923,0.6392186086901923
SRR5665184_k101_39073_1,Adenoma - Normal,-2.8927871560940726,0.0038183995889205483,0.011455198766761645
SRR5665184_k101_39073_1,Cancer - Normal,-2.4239955616282343,0.015350793097235745,0.023026189645853616
SRR5665185_k101_40389_3,Adenoma - Cancer,-0.46879159446583824,0.6392186086901923,0.6392186086901923
SRR5665185_k101_40389_3,Adenoma - Normal,-2.8927871560940726,0.0038183995889205483,0.011455198766761645
SRR5665185_k101_40389_3,Cancer - Normal,-2.4239955616282343,0.015350793097235745,0.023026189645853616
SRR5665186_k101_27184_1,Adenoma - Cancer,-0.46879159446583824,0.6392186086901923,0.6392186086901923
SRR5665186_k101_27184_1,Adenoma - Normal,-2.8927871560940726,0.0038183995889205483,0.011455198766761645
SRR5665186_k101_27184_1,Cancer - Normal,-2.4239955616282343,0.015350793097235745,0.023026189645853616
SRR5665186_k101_55526_1,Adenoma - Cancer,-0.46879159446583824,0.6392186086901923,0.6392186086901923
SRR5665186_k101_55526_1,Adenoma - Normal,-2.8927871560940726,0.0038183995889205483,0.011455198766761645
SRR5665186_k101_55526_1,Cancer - Normal,-2.4239955616282343,0.015350793097235745,0.023026189645853616
SRR5665186_k101_64928_1,Adenoma - Cancer,-0.32248743405375846,0.7470834558808878,0.7470834558808878
SRR5665186_k101_64928_1,Adenoma - Normal,-2.804238556989209,0.005043557275374747,0.01513067182612424
SRR5665186_k101_64928_1,Cancer - Normal,-2.4817511229354507,0.013073855242401497,0.019610782863602245
SRR5665187_k101_104766_11,Adenoma - Cancer,-0.6973265340468053,0.4855984662157416,0.4855984662157416
SRR5665187_k101_104766_11,Adenoma - Normal,-3.0501172414409488,0.0022875204977525257,0.006862561493257577
SRR5665187_k101_104766_11,Cancer - Normal,-2.3527907073941434,0.018633118440255347,0.027949677660383018
SRR5665187_k101_17070_1,Adenoma - Cancer,-0.4338564055825011,0.6643927184451989,0.6643927184451989
SRR5665187_k101_17070_1,Adenoma - Normal,-2.86281890982906,0.0041989046967885225,0.012596714090365568
SRR5665187_k101_17070_1,Cancer - Normal,-2.4289625042465586,0.015142098237154266,0.0227131473557314
SRR5665187_k101_53342_1,Adenoma - Cancer,-0.47466559877936443,0.6350253416122991,0.6350253416122991
SRR5665187_k101_53342_1,Adenoma - Normal,-2.8880256311274652,0.0038766828130879167,0.01163004843926375
SRR5665187_k101_53342_1,Cancer - Normal,-2.413360032348101,0.015806197516174528,0.02370929627426179
SRR5665187_k101_77395_1,Adenoma - Cancer,-1.779829462429355,0.07510387435363312,0.07510387435363312
SRR5665187_k101_77395_1,Adenoma - Normal,-4.043523532291811,5.265386874074222e-5,1.5796160622222666e-4
SRR5665187_k101_77395_1,Cancer - Normal,-2.263694069862456,0.023592937480608995,0.035389406220913494
SRR5665187_k101_53808_9,Adenoma - Cancer,-0.42405685751246897,0.6715243479884345,0.6715243479884345
SRR5665187_k101_53808_9,Adenoma - Normal,-2.853054537343896,0.0043301189546895305,0.012990356864068592
SRR5665187_k101_53808_9,Cancer - Normal,-2.428997679831427,0.015140629227110817,0.022710943840666225
SRR5665186_k101_89424_1,Adenoma - Cancer,-1.3530621509062555,0.17603577594236505,0.17603577594236505
SRR5665186_k101_89424_1,Adenoma - Normal,-3.6194412536742324,2.952398255651675e-4,8.857194766955024e-4
SRR5665186_k101_89424_1,Cancer - Normal,-2.266379102767977,0.02342818194356223,0.035142272915343345
SRR5665187_k101_4634_5,Adenoma - Cancer,-0.4806072225964502,0.6307956812067117,0.6307956812067117
SRR5665187_k101_4634_5,Adenoma - Normal,-2.883643335578701,0.00393103702694707,0.011793111080841209
SRR5665187_k101_4634_5,Cancer - Normal,-2.403036112982251,0.016259581645184165,0.024389372467776248
SRR5665187_k101_5073_2,Adenoma - Cancer,-0.3422862310195631,0.7321354965301652,0.7321354965301652
SRR5665187_k101_5073_2,Adenoma - Normal,-2.800148805569685,0.005107905424995494,0.015323716274986483
SRR5665187_k101_5073_2,Cancer - Normal,-2.4578625745501217,0.013976664632657577,0.020964996948986365
SRR5665187_k101_30512_6,Adenoma - Cancer,-0.2456564030314004,0.8059482234442874,0.8059482234442874
SRR5665187_k101_30512_6,Adenoma - Normal,-2.748281008913789,0.005990863971819324,0.01797259191545797
SRR5665187_k101_30512_6,Cancer - Normal,-2.502624605882388,0.012327622198060792,0.018491433297091187
SRR5665186_k101_31076_3,Adenoma - Cancer,-0.5912099934001723,0.5543797276781897,0.5543797276781897
SRR5665186_k101_31076_3,Adenoma - Normal,-2.946812310853982,0.0032106801603627123,0.009632040481088136
SRR5665186_k101_31076_3,Cancer - Normal,-2.35560231745381,0.01849270347063445,0.027739055205951678
SRR5665187_k101_55063_1,Adenoma - Cancer,-0.37892979162919715,0.7047400005368192,0.7047400005368192
SRR5665187_k101_55063_1,Adenoma - Normal,-2.8068873454014507,0.00500227321281737,0.015006819638452112
SRR5665187_k101_55063_1,Cancer - Normal,-2.4279575537722535,0.015184120239108504,0.022776180358662756
SRR5665184_k101_16337_1,Adenoma - Cancer,-0.3707382430922948,0.710832503120175,0.710832503120175
SRR5665184_k101_16337_1,Adenoma - Normal,-2.7973885615145946,0.005151753557302306,0.015455260671906917
SRR5665184_k101_16337_1,Cancer - Normal,-2.4266503184223,0.01523893593436882,0.02285840390155323
SRR5665186_k101_28978_1,Adenoma - Cancer,-1.4451627612588716,0.14841217353854055,0.14841217353854055
SRR5665186_k101_28978_1,Adenoma - Normal,-3.6848380813093837,2.2884807753724166e-4,6.86544232611725e-4
SRR5665186_k101_28978_1,Cancer - Normal,-2.239675320050512,0.025112008933180295,0.03766801339977044
SRR5665187_k101_8215_4,Adenoma - Cancer,-1.19136471910073,0.2335104369732161,0.2335104369732161
SRR5665187_k101_8215_4,Adenoma - Normal,-3.4400177419693128,5.816760541023135e-4,0.0017450281623069405
SRR5665187_k101_8215_4,Cancer - Normal,-2.248653022868583,0.024534580155731164,0.036801870233596747
SRR5665184_k101_54510_1,Adenoma - Cancer,-0.9741464774158528,0.32998381528834764,0.32998381528834764
SRR5665184_k101_54510_1,Adenoma - Normal,-3.2307136339614324,0.0012348158700504546,0.003704447610151364
SRR5665184_k101_54510_1,Cancer - Normal,-2.2565671565455796,0.02403513455491901,0.03605270183237851
SRR5665184_k101_47308_1,Adenoma - Cancer,-0.5416484767882627,0.5880606898513958,0.5880606898513958
SRR5665184_k101_47308_1,Adenoma - Normal,-2.8907228868165036,0.0038435687123993963,0.011530706137198189
SRR5665184_k101_47308_1,Cancer - Normal,-2.349074410028241,0.018820145334200906,0.02823021800130136
SRR5665186_k101_83213_1,Adenoma - Cancer,-0.015306122448978141,0.9877879580482718,0.9877879580482718
SRR5665186_k101_83213_1,Adenoma - Normal,-2.6173469387755097,0.008861622117076936,0.026584866351230807
SRR5665186_k101_83213_1,Cancer - Normal,-2.602040816326532,0.009267082222756103,0.013900623334134155
SRR5665184_k101_51463_1,Adenoma - Cancer,-0.41606017423554237,0.6773659714020409,0.6773659714020409
SRR5665184_k101_51463_1,Adenoma - Normal,-2.795550384189373,0.005181142503582796,0.015543427510748387
SRR5665184_k101_51463_1,Cancer - Normal,-2.379490209953831,0.017336603526735578,0.026004905290103367
SRR5665187_k101_92290_2,Adenoma - Cancer,-0.6077964003382537,0.5433225170185225,0.5433225170185225
SRR5665187_k101_92290_2,Adenoma - Normal,-2.9190221858350327,0.003511312326259394,0.010533936978778182
SRR5665187_k101_92290_2,Cancer - Normal,-2.311225785496779,0.020820386802856396,0.031230580204284594
SRR5665187_k101_111680_1,Adenoma - Cancer,-0.5988897639074654,0.5492463978093203,0.5492463978093203
SRR5665187_k101_111680_1,Adenoma - Normal,-2.912248263706886,0.003588373081827928,0.010765119245483783
SRR5665187_k101_111680_1,Cancer - Normal,-2.313358499799421,0.020702936796808524,0.031054405195212784
SRR5665184_k101_1892_2,Adenoma - Cancer,-0.5145273597795772,0.6068833368337434,0.6068833368337434
SRR5665184_k101_1892_2,Adenoma - Normal,-2.847051390780334,0.004412623833752631,0.013237871501257895
SRR5665184_k101_1892_2,Cancer - Normal,-2.3325240310007564,0.019673140223871854,0.02950971033580778
SRR5665186_k101_7299_2,Adenoma - Cancer,-0.030612244897958312,0.9755787767108384,0.9755787767108384
SRR5665186_k101_7299_2,Adenoma - Normal,-2.6020408163265296,0.009267082222756162,0.027801246668268484
SRR5665186_k101_7299_2,Cancer - Normal,-2.5714285714285716,0.010127990549390663,0.015191985824085995
SRR5665184_k101_55288_1,Adenoma - Cancer,-0.03482112539559199,0.972222375215367,0.972222375215367
SRR5665184_k101_55288_1,Adenoma - Normal,-2.6028791233205744,0.009244454083222843,0.027733362249668526
SRR5665184_k101_55288_1,Cancer - Normal,-2.5680579979249822,0.010227004347305075,0.015340506520957612
SRR5665187_k101_88989_9,Adenoma - Cancer,-0.3832176979284858,0.7015583567901258,0.7015583567901258
SRR5665187_k101_88989_9,Adenoma - Normal,-2.7572980704610544,0.005828119779477467,0.017484359338432398
SRR5665187_k101_88989_9,Cancer - Normal,-2.3740803725325685,0.017592720553580375,0.026389080830370563
SRR5665184_k101_55282_1,Adenoma - Cancer,-1.0024161002176222,0.31614266933504914,0.31614266933504914
SRR5665184_k101_55282_1,Adenoma - Normal,-3.2126614359433634,0.001315112161908364,0.003945336485725092
SRR5665184_k101_55282_1,Cancer - Normal,-2.2102453357257414,0.027088140147978404,0.040632210221967606
SRR5665187_k101_122651_1,Adenoma - Cancer,-0.6291450984819928,0.5292540677725213,0.5292540677725213
SRR5665187_k101_122651_1,Adenoma - Normal,-2.908506848720029,0.0036315922196455564,0.01089477665893667
SRR5665187_k101_122651_1,Cancer - Normal,-2.2793617502380363,0.022645570094133215,0.03396835514119982
SRR5665184_k101_35142_2,Adenoma - Cancer,-0.5867644987284087,0.5573618829109239,0.5573618829109239
SRR5665184_k101_35142_2,Adenoma - Normal,-2.872518740043553,0.004072139265464259,0.012216417796392777
SRR5665184_k101_35142_2,Cancer - Normal,-2.2857542413151446,0.02226864004470429,0.03340296006705644
SRR5665184_k101_49800_1,Adenoma - Cancer,-0.5620513194736664,0.5740810542862798,0.5740810542862798
SRR5665184_k101_49800_1,Adenoma - Normal,-2.8543390537976423,0.004312647750271034,0.012937943250813102
SRR5665184_k101_49800_1,Cancer - Normal,-2.292287734323976,0.02188904514033088,0.03283356771049632
SRR5665187_k101_17070_3,Adenoma - Cancer,-0.3230281068302577,0.7466739560076454,0.7466739560076454
SRR5665187_k101_17070_3,Adenoma - Normal,-2.70773560137128,0.006774396809198686,0.020323190427596057
SRR5665187_k101_17070_3,Cancer - Normal,-2.384707494541022,0.017092705837862734,0.0256390587567941
SRR5665187_k101_75129_1,Adenoma - Cancer,-1.078949110453285,0.28061041422349453,0.28061041422349453
SRR5665187_k101_75129_1,Adenoma - Normal,-3.264799380853461,0.001095416326901935,0.003286248980705805
SRR5665187_k101_75129_1,Cancer - Normal,-2.1858502704001763,0.02882656152588088,0.04323984228882132
SRR5665187_k101_8741_1,Adenoma - Cancer,-0.04084143963612734,0.967422302850771,0.967422302850771
SRR5665187_k101_8741_1,Adenoma - Normal,-2.578115877030484,0.009934067882475407,0.02980220364742622
SRR5665187_k101_8741_1,Cancer - Normal,-2.5372744373943568,0.011171933633466155,0.01675790045019923
SRR5665187_k101_110835_2,Adenoma - Cancer,-0.19523095273904967,0.8452121484765946,0.8452121484765946
SRR5665187_k101_110835_2,Adenoma - Normal,-2.6373926888202615,0.008354605462861216,0.025063816388583647
SRR5665187_k101_110835_2,Cancer - Normal,-2.442161736081212,0.014599604283189859,0.021899406424784787
SRR5665187_k101_52037_6,Adenoma - Cancer,-0.38219021177612783,0.702320281633847,0.702320281633847
SRR5665187_k101_52037_6,Adenoma - Normal,-2.728505772766971,0.006362197660261975,0.019086592980785924
SRR5665187_k101_52037_6,Cancer - Normal,-2.3463155609908433,0.018960047457941075,0.028440071186911612
SRR5665187_k101_95328_4,Adenoma - Cancer,-0.44531474809142,0.656092311340837,0.656092311340837
SRR5665187_k101_95328_4,Adenoma - Normal,-2.7654420070551207,0.0056845711780927006,0.017053713534278103
SRR5665187_k101_95328_4,Cancer - Normal,-2.3201272589637005,0.020333994127373328,0.030500991191059992
SRR5665184_k101_27693_11,Adenoma - Cancer,-0.3251572490859449,0.7450620623896402,0.7450620623896402
SRR5665184_k101_27693_11,Adenoma - Normal,-2.6899372424382717,0.007146545732632129,0.021439637197896388
SRR5665184_k101_27693_11,Cancer - Normal,-2.3647799933523266,0.018040784532119193,0.02706117679817879
SRR5665186_k101_56817_1,Adenoma - Cancer,-0.3251572490859449,0.7450620623896402,0.7450620623896402
SRR5665186_k101_56817_1,Adenoma - Normal,-2.6899372424382717,0.007146545732632129,0.021439637197896388
SRR5665186_k101_56817_1,Cancer - Normal,-2.3647799933523266,0.018040784532119193,0.02706117679817879
SRR5665187_k101_14811_4,Adenoma - Cancer,-0.1714522839095484,0.8638681467333843,0.8638681467333843
SRR5665187_k101_14811_4,Adenoma - Normal,-2.613838592432366,0.00895313218182633,0.026859396545478992
SRR5665187_k101_14811_4,Cancer - Normal,-2.442386308522818,0.014590524450259778,0.021885786675389665
SRR5665186_k101_35210_1,Adenoma - Cancer,-0.020407804846926968,0.9837180577804117,0.9837180577804117
SRR5665186_k101_35210_1,Adenoma - Normal,-2.5509756058659443,0.010742184431676084,0.03222655329502825
SRR5665186_k101_35210_1,Cancer - Normal,-2.5305678010190173,0.01138780733169336,0.01708171099754004
SRR5665186_k101_86743_3,Adenoma - Cancer,-0.837544121618482,0.40228678703332926,0.40228678703332926
SRR5665186_k101_86743_3,Adenoma - Normal,-3.0233299999886643,0.0025000945169008685,0.007500283550702605
SRR5665186_k101_86743_3,Cancer - Normal,-2.185785878370182,0.028831274401178962,0.04324691160176844
SRR5665184_k101_9216_2,Adenoma - Cancer,-0.42955253999410203,0.6675211670754457,0.6675211670754457
SRR5665184_k101_9216_2,Adenoma - Normal,-2.732531703996095,0.006284962233998889,0.018854886701996667
SRR5665184_k101_9216_2,Cancer - Normal,-2.302979164001993,0.021280015443910328,0.031920023165865494
SRR5665186_k101_9557_2,Adenoma - Cancer,-0.3293451332259403,0.7418948337743284,0.7418948337743284
SRR5665186_k101_9557_2,Adenoma - Normal,-2.675929207460762,0.007452238432528089,0.022356715297584265
SRR5665186_k101_9557_2,Cancer - Normal,-2.346584074234822,0.018946391232060093,0.02841958684809014
SRR5665184_k101_40788_2,Adenoma - Cancer,-0.1714296993614184,0.8638859037120321,0.8638859037120321
SRR5665184_k101_40788_2,Adenoma - Normal,-2.598513337688878,0.009362840763610035,0.028088522290830108
SRR5665184_k101_40788_2,Cancer - Normal,-2.4270836383274594,0.01522074645652484,0.022831119684787262
SRR5665184_k101_55288_2,Adenoma - Cancer,-0.472053780920427,0.6368884014412193,0.6368884014412193
SRR5665184_k101_55288_2,Adenoma - Normal,-2.752868088733982,0.005907569421465124,0.01772270826439537
SRR5665184_k101_55288_2,Cancer - Normal,-2.280814307813555,0.02255943736803391,0.033839156052050866
SRR5665186_k101_32895_1,Adenoma - Cancer,-0.01020408163265277,0.9918584620956539,0.9918584620956539
SRR5665186_k101_32895_1,Adenoma - Normal,-2.53061224489796,0.011386364665446971,0.034159093996340914
SRR5665186_k101_32895_1,Cancer - Normal,-2.5204081632653077,0.011721882181588518,0.017582823272382777
SRR5665186_k101_64353_1,Adenoma - Cancer,-1.046128329048086,0.2955017874022979,0.2955017874022979
SRR5665186_k101_64353_1,Adenoma - Normal,-3.1906914035966625,0.0014193279227402904,0.004257983768220871
SRR5665186_k101_64353_1,Cancer - Normal,-2.1445630745485764,0.031987797299749994,0.047981695949624995
SRR5665187_k101_10592_1,Adenoma - Cancer,-0.3980916988413677,0.690562593172148,0.690562593172148
SRR5665187_k101_10592_1,Adenoma - Normal,-2.702833113186129,0.006875125572870132,0.020625376718610394
SRR5665187_k101_10592_1,Cancer - Normal,-2.3047414143447615,0.02118105997262911,0.03177158995894366
SRR5665184_k101_32536_3,Adenoma - Cancer,-0.25142197775502473,0.8014878775228809,0.8014878775228809
SRR5665184_k101_32536_3,Adenoma - Normal,-2.6209880146790896,0.008767534424825446,0.02630260327447634
SRR5665184_k101_32536_3,Cancer - Normal,-2.369566036924065,0.017808974462329444,0.026713461693494166
SRR5665184_k101_4445_1,Adenoma - Cancer,-0.3832176979284858,0.7015583567901258,0.7015583567901258
SRR5665184_k101_4445_1,Adenoma - Normal,-2.6871972720595014,0.0072054383673696605,0.02161631510210898
SRR5665184_k101_4445_1,Cancer - Normal,-2.3039795741310156,0.021223790216134412,0.03183568532420162
SRR5665184_k101_52421_2,Adenoma - Cancer,-0.6676516609081702,0.5043559728804166,0.5043559728804166
SRR5665184_k101_52421_2,Adenoma - Normal,-2.869730823201782,0.004108213618893938,0.012324640856681814
SRR5665184_k101_52421_2,Cancer - Normal,-2.202079162293612,0.027659717125537057,0.04148957568830559
SRR5665186_k101_73588_1,Adenoma - Cancer,-0.668794387124309,0.5036266476852163,0.5036266476852163
SRR5665186_k101_73588_1,Adenoma - Normal,-2.8393725776714636,0.004520234430816257,0.013560703292448772
SRR5665186_k101_73588_1,Cancer - Normal,-2.170578190547155,0.02996307217651634,0.04494460826477451
SRR5665187_k101_48317_1,Adenoma - Cancer,-0.826917171964126,0.4082840096872243,0.4082840096872243
SRR5665187_k101_48317_1,Adenoma - Normal,-2.9594930365031855,0.0030814566588242944,0.009244369976472884
SRR5665187_k101_48317_1,Cancer - Normal,-2.1325758645390596,0.03295953497060043,0.04943930245590065
SRR5665184_k101_27899_1,Adenoma - Cancer,-0.8013572164919388,0.42292487584553684,0.42292487584553684
SRR5665184_k101_27899_1,Adenoma - Normal,-2.935406325628081,0.0033311117199274123,0.009993335159782237
SRR5665184_k101_27899_1,Cancer - Normal,-2.134049109136142,0.03283876105380608,0.04925814158070912
SRR5665185_k101_14820_3,Adenoma - Cancer,-0.45424070937624667,0.6496555853427766,0.6496555853427766
SRR5665185_k101_14820_3,Adenoma - Normal,-2.6891049995073786,0.0071643880190186745,0.021493164057056022
SRR5665185_k101_14820_3,Cancer - Normal,-2.234864290131132,0.025426259572043936,0.038139389358065906
SRR5665187_k101_97409_1,Adenoma - Cancer,-0.7199997224097993,0.47152516647150566,0.47152516647150566
SRR5665187_k101_97409_1,Adenoma - Normal,-2.855998898892203,0.004290166220183649,0.012870498660550947
SRR5665187_k101_97409_1,Cancer - Normal,-2.135999176482404,0.032679480943309136,0.049019221414963704
SRR5665184_k101_43260_2,Adenoma - Cancer,-0.46220366105528243,0.6439352780890788,0.6439352780890788
SRR5665184_k101_43260_2,Adenoma - Normal,-2.6780623890556043,0.007404942399895567,0.0222148271996867
SRR5665184_k101_43260_2,Cancer - Normal,-2.2158587280003217,0.026701178875842984,0.040051768313764474
SRR5665187_k101_14450_7,Adenoma - Cancer,-0.3530453535208456,0.7240544397386903,0.7240544397386903
SRR5665187_k101_14450_7,Adenoma - Normal,-2.6149987231718463,0.008922778904391164,0.02676833671317349
SRR5665187_k101_14450_7,Cancer - Normal,-2.2619533696510006,0.023700284451398174,0.03555042667709726
SRR5665184_k101_27109_2,Adenoma - Cancer,-0.5343156871404351,0.5931231406729722,0.5931231406729722
SRR5665184_k101_27109_2,Adenoma - Normal,-2.7166050385510925,0.0065955262914931066,0.01978657887447932
SRR5665184_k101_27109_2,Cancer - Normal,-2.1822893514106574,0.02908818441266925,0.043632276619003874
SRR5665187_k101_69026_1,Adenoma - Cancer,-0.11209801922427712,0.91074568795816,0.91074568795816
SRR5665187_k101_69026_1,Adenoma - Normal,-2.494180927740166,0.012624817444537549,0.03787445233361265
SRR5665187_k101_69026_1,Cancer - Normal,-2.3820829085158888,0.01721502113397729,0.025822531700965937
SRR5665185_k101_16082_2,Adenoma - Cancer,-0.34197859585157736,0.7323670002428841,0.7323670002428841
SRR5665185_k101_16082_2,Adenoma - Normal,-2.5838382797674777,0.00977075970300256,0.029312279109007678
SRR5665185_k101_16082_2,Cancer - Normal,-2.2418596839159,0.024970442390076578,0.037455663585114866
SRR5665185_k101_10520_1,Adenoma - Cancer,-0.18780622408409872,0.8510285564764102,0.8510285564764102
SRR5665185_k101_10520_1,Adenoma - Normal,-2.5017206453466607,0.012359140254646976,0.03707742076394093
SRR5665185_k101_10520_1,Cancer - Normal,-2.313914421262562,0.02067241689776324,0.031008625346644864
SRR5665186_k101_93523_1,Adenoma - Cancer,-0.43147439962319106,0.666123463100748,0.666123463100748
SRR5665186_k101_93523_1,Adenoma - Normal,-2.597835447731292,0.009381343870173135,0.028144031610519406
SRR5665186_k101_93523_1,Cancer - Normal,-2.166361048108101,0.03028360804245871,0.04542541206368807
SRR5665186_k101_92078_2,Adenoma - Cancer,-0.22381761373375877,0.8228992238485351,0.8228992238485351
SRR5665186_k101_92078_2,Adenoma - Normal,-2.48733159413555,0.012870537299553085,0.038611611898659255
SRR5665186_k101_92078_2,Cancer - Normal,-2.2635139804017914,0.023604023788158294,0.03540603568223744
SRR5665184_k101_23465_1,Adenoma - Cancer,-0.01102041342785733,0.9912071602536245,0.9912071602536245
SRR5665184_k101_23465_1,Adenoma - Normal,-2.4024501272728074,0.016285655077257204,0.04885696523177161
SRR5665184_k101_23465_1,Cancer - Normal,-2.39142971384495,0.01678289704639042,0.02517434556958563
SRR5665184_k101_40611_13,Adenoma - Cancer,-0.006884197428804129,0.994507248543645,0.994507248543645
SRR5665184_k101_40611_13,Adenoma - Normal,-2.399142803938307,0.016433504370324363,0.04930051311097309
SRR5665184_k101_40611_13,Cancer - Normal,-2.3922586065095026,0.016745039126195956,0.025117558689293933
SRR5665186_k101_84805_2,Adenoma - Cancer,0.4789312994222355,0.6319875034676734,0.6319875034676734
SRR5665186_k101_84805_2,Adenoma - Normal,2.6167064632069486,0.008878265377361425,0.026634796132084276
SRR5665186_k101_84805_2,Cancer - Normal,2.1377751637847133,0.03253499568249995,0.04880249352374992
SRR5665186_k101_93991_1,Adenoma - Cancer,-0.34396080904062665,0.7308757596484952,0.7308757596484952
SRR5665186_k101_93991_1,Adenoma - Normal,-2.5311987742220463,0.011367340880397665,0.034102022641193
SRR5665186_k101_93991_1,Cancer - Normal,-2.1872379651814198,0.02872515671041268,0.04308773506561902
SRR5665187_k101_126626_1,Adenoma - Cancer,-0.3848750972211833,0.7003299569066661,0.7003299569066661
SRR5665187_k101_126626_1,Adenoma - Normal,-2.5528424170113957,0.010684782576046048,0.032054347728138144
SRR5665187_k101_126626_1,Cancer - Normal,-2.1679673197902125,0.030161173101853327,0.04524175965277999
SRR5665184_k101_25932_1,Adenoma - Cancer,-0.3635462729599448,0.7161968530934587,0.7161968530934587
SRR5665184_k101_25932_1,Adenoma - Normal,-2.538814881414492,0.011122865990372238,0.033368597971116715
SRR5665184_k101_25932_1,Cancer - Normal,-2.175268608454547,0.02960999347862421,0.044414990217936316
SRR5665184_k101_21956_1,Adenoma - Cancer,-0.30068795398818565,0.7636524552734194,0.7636524552734194
SRR5665184_k101_21956_1,Adenoma - Normal,-2.499224552629076,0.012446541565162696,0.037339624695488086
SRR5665184_k101_21956_1,Cancer - Normal,-2.1985365986408905,0.027910889438973525,0.04186633415846029
SRR5665187_k101_95346_2,Adenoma - Cancer,-0.2333528026906554,0.815487459502703,0.815487459502703
SRR5665187_k101_95346_2,Adenoma - Normal,-2.4635935234882282,0.013755200487295019,0.04126560146188506
SRR5665187_k101_95346_2,Cancer - Normal,-2.230240720797573,0.025731466231832503,0.03859719934774875
SRR5665186_k101_57789_5,Adenoma - Cancer,-0.1417585619782723,0.887270716188284,0.887270716188284
SRR5665186_k101_57789_5,Adenoma - Normal,-2.420527445778997,0.015498009323508779,0.04649402797052633
SRR5665186_k101_57789_5,Cancer - Normal,-2.278768883800725,0.022680807510766995,0.03402121126615049
SRR5665185_k101_32096_1,Adenoma - Cancer,-0.19386306939442516,0.8462831014096285,0.8462831014096285
SRR5665185_k101_32096_1,Adenoma - Normal,-2.4409122828298035,0.014650212746506387,0.04395063823951916
SRR5665185_k101_32096_1,Cancer - Normal,-2.2470492134353783,0.02463688210540479,0.036955323158107185
SRR5665184_k101_40112_2,Adenoma - Cancer,-0.38985308008080144,0.6966451907631439,0.6966451907631439
SRR5665184_k101_40112_2,Adenoma - Normal,-2.534045020525218,0.011275424435577932,0.033826273306733795
SRR5665184_k101_40112_2,Cancer - Normal,-2.1441919404444167,0.03201751059760143,0.048026265896402145
SRR5665186_k101_8404_1,Adenoma - Cancer,-0.3898280967054622,0.6966636660024994,0.6966636660024994
SRR5665186_k101_8404_1,Adenoma - Normal,-2.5338826285855127,0.011280650900442283,0.03384195270132685
SRR5665186_k101_8404_1,Cancer - Normal,-2.144054531880051,0.03202851763832406,0.048042776457486086
SRR5665186_k101_76000_2,Adenoma - Cancer,-0.17549233137142267,0.8606927959573845,0.8606927959573845
SRR5665186_k101_76000_2,Adenoma - Normal,-2.425923404252022,0.015269492610670555,0.04580847783201167
SRR5665186_k101_76000_2,Cancer - Normal,-2.2504310728805996,0.024421594370817996,0.036632391556226995
SRR5665186_k101_29077_1,Adenoma - Cancer,-0.16343751804581727,0.8701739648753912,0.8701739648753912
SRR5665186_k101_29077_1,Adenoma - Normal,-2.4058002656344226,0.016137084690858755,0.048411254072576265
SRR5665186_k101_29077_1,Cancer - Normal,-2.242362747588605,0.024937937384802808,0.03740690607720421
SRR5665184_k101_4749_1,Adenoma - Cancer,-0.19445334104796377,0.8458209267874656,0.8458209267874656
SRR5665184_k101_4749_1,Adenoma - Normal,-2.403149780875783,0.016254528242697082,0.048763584728091246
SRR5665184_k101_4749_1,Cancer - Normal,-2.2086964398278197,0.027195762231685686,0.04079364334752853
